"Số 3 Đường 3/2 Phường 11, Quận 10, TPHCM","Hồ Chí Minh","Hồ Chí Minh","Quận 10"
"Số 3, đường 3/2 phường 11, Quận 10, Tp. HCM","Hồ Chí Minh","Hồ Chí Minh","Quận 10"
"105A Hùng Vương, Phường Phú Hội, Thành Phố Huế, Tỉnh Thừa Thiên Huế","Thừa Thiên Huế","Huế",""
"95 Huỳnh Đình Hoà, P14, Q Bình Thạnh","Hồ Chí Minh","Hồ Chí Minh","Quận Bình Thạnh"
"163 Phan Đình Phùng, P.2, TP. Đà Lạt","Lâm Đồng","Đà Lạt",""
"48/17 Lê Đức Thọ, Gó Vấp","Hồ Chí Minh","Hồ Chí Minh","Quận Gò Vấp"
"1111/6 Cách Mạng T8, F7, Tân Bình","Hồ Chí Minh","Hồ Chí Minh","Quận Tân Bình"
"230 Nguyễn Văn Trỗi, ấp Đông Sơn 2, TT Núi Sập, H. Thoại Sơn, An Giang","An Giang","",""
"194 Trần Văn Dư, P13, Tân Bình","Hồ Chí Minh","Hồ Chí Minh","Quận Tân Bình"
"101 Nguyễn Văn Trổi,  P.10, Phú Nhuận","Hồ Chí Minh","Hồ Chí Minh","Quận Phú Nhuận"
"132 Võ Thành Trang, P.11, Q.Tân Bình","Hồ Chí Minh","Hồ Chí Minh","Quận Tân Bình"
"91/2A, Nguyễn Khoái, Quận 4","Hồ Chí Minh","Hồ Chí Minh","Quận 4"
"12 Nguyễn Văn Trỗi, Phường 8, Quận Phú Nhận, Thành phố Hồ Chí Minh","Hồ Chí Minh","Hồ Chí Minh",""
"4/1 Hoàng Diệu , P.10, Phú Nhuận","Hồ Chí Minh","Hồ Chí Minh","Quận Phú Nhuận"
"91 Tôn Thất Hipệ, P.13, Q.11","Hồ Chí Minh","Hồ Chí Minh","Quận 11"
"Số 10 Nguyễn Tri Phương Q5","Hồ Chí Minh","Hồ Chí Minh","Quận 5"
"","","",""
"","","",""
"345/134 Trần Hưng Đạo, P. Cầu kho, Q.1 Lầu 3","Hồ Chí Minh","Hồ Chí Minh","Quận 1"
" 229 Mã Lò, Bình Trị Đông , Bình Tân","Hồ Chí Minh","Hồ Chí Minh","Quận Bình Tân"
"362 Hai Bà Trưng, P Tân Định, Q1, TP HCM","Hồ Chí Minh","Hồ Chí Minh","Quận 1"
"213 Bạch Đằng, Bình Thạnh","Hồ Chí Minh","Hồ Chí Minh","Quận Bình Thạnh"
"173/128 Khuôn Việt,P.Phú Trung,Quận Tân Phú ( gần đầm sen )","Hồ Chí Minh","Hồ Chí Minh","Quận Tân Phú"
"8/114 đường Năm Châu, Tân Bình","Hồ Chí Minh","Hồ Chí Minh","Quận Tân Bình"
"788 Nguyển Đình Chiểu, P.2, Q3","Hồ Chí Minh","Hồ Chí Minh","Quận 3"
"","","",""
"3915 Đường số 6 F Ninh Tây, Thủ Đức","Hồ Chí Minh","Hồ Chí Minh","Quận Thủ Đức"
"Vũng Tàu","Bà Rịa - Vũng Tàu","Vũng Tàu",""
"284/15/5 Lê Văn Sĩ, P.14, Q.3","Hồ Chí Minh","Hồ Chí Minh","Quận 3"
"196/48B Dương Quảng Hàm, P6, Q GV","Hồ Chí Minh","Hồ Chí Minh","Quận Gò Vấp"
"54/23 Bạch Đằng, P.2, Tân Bình","Hồ Chí Minh","Hồ Chí Minh","Quận Tân Bình"
"42/2 Hồ Hảo Hớn , P Cô Giang Q1","Hồ Chí Minh","Hồ Chí Minh","Quận 1"
"59 - 61 Thủ Khoa Huân, Q.1","Hồ Chí Minh","Hồ Chí Minh","Quận 1"
"53 Nguyễn Đình Chiểu, Hàmf tiến, Mũi  Né,","","",""
"137/46 Âu Dương Lân, P2, Q8","Hồ Chí Minh","Hồ Chí Minh","Quận 8"
"7A Phạm Viết Chánh, Q.1","Hồ Chí Minh","Hồ Chí Minh","Quận 1"
"34 Hoàng Việt, tân Bình","Hồ Chí Minh","Hồ Chí Minh","Quận Tân Bình"
"","","",""
"H50, KDC Tân Thơí Hiệp, KP 2A, Tổ 4","","",""
"","","",""
"49/40/31 Trịnh Đình Trọng, P. Phú Trung, tân phú","Hồ Chí Minh","Hồ Chí Minh","Quận Tân Phú"
"","","",""
"18/6A KP4 Tổ 37, Lê Lợi, Hóc Môn","Hồ Chí Minh","Hồ Chí Minh","Huyện Hóc Môn"
"63/36 Âu Dương Lân, F3,Q8","Hồ Chí Minh","Hồ Chí Minh","Quận 8"
"489A /23A/71 Phú Nhuận","Hồ Chí Minh","Hồ Chí Minh","Quận Phú Nhuận"
"628C Xa lộ Hà Nội, KP 4, P. An Phú, Quận 2","Hồ Chí Minh","Hồ Chí Minh","Quận 2"
"10/6 Yên Thế, P2, Q Tân Bình","Hồ Chí Minh","Hồ Chí Minh","Quận Tân Bình"
"16/6 Đường 100, kp1, p. tÂN pHú, q9","Hồ Chí Minh","Hồ Chí Minh","Quận 9"
"36/9 Yên Thế, P2, Tân Bình","Hồ Chí Minh","Hồ Chí Minh","Quận Tân Bình"
" Mỹ Tho, gui hang qua chanh 536 Kinh Dương Vương, F13,Q6, Chị Cơ 0903.359.376","Hồ Chí Minh","Hồ Chí Minh","Quận 6"
"101/5 Hồ Văn Huê, P.9, Q. PN","Hồ Chí Minh","Hồ Chí Minh","Quận Phú Nhuận"
"101/5 Hồ Văn Huê, P9, Phú Nhuận","Hồ Chí Minh","Hồ Chí Minh","Quận Phú Nhuận"
"105 D Ngô Quyền, P.11, Q.5","Hồ Chí Minh","Hồ Chí Minh","Quận 5"
"289 Thống Nhất, P.Phương Xài, TP Nha Trang.","Khánh Hòa","Nha Trang",""
"Tiền Giang","Tiền Giang","",""
"61 Lê Hữu Kiều, P. Bình Trưng Tây, Q2","Hồ Chí Minh","Hồ Chí Minh","Quận 2"
"140A, Lê Văn Sỹ, P10, Q. Phú Nhuận","Hồ Chí Minh","Hồ Chí Minh","Quận Phú Nhuận"
"51/1 đường 24 Tổ 3, KP7, P. Linh Đông, Q. Thủ Đức","Hồ Chí Minh","Hồ Chí Minh","Quận Thủ Đức"
"Số 76 Nguyễn Sỹ Sách, Thành Phố Vinh, Tỉnh Nghệ An","Nghệ An","",""
"45-47 Bùi Viện, q.1","Hồ Chí Minh","Hồ Chí Minh","Quận 1"
"","","",""
"61 Tú Xương","","",""
"343/27 Tô Hiến Thành,F12,Q10","Hồ Chí Minh","Hồ Chí Minh","Quận 10"
"47 Tú Xương P7 Q3","Hồ Chí Minh","Hồ Chí Minh","Quận 3"
"Dong Nai","Đồng Nai","",""
"4C Trần Cao Vân, Q.3","Hồ Chí Minh","Hồ Chí Minh","Quận 3"
"61 Tú Xương, Q1","Hồ Chí Minh","Hồ Chí Minh","Quận 1"
"4B Lê Quý Đôn, Q3","Hồ Chí Minh","Hồ Chí Minh","Quận 3"
"92 Trần Huy Liệu, F15, Q Phú Nhuận","Hồ Chí Minh","Hồ Chí Minh","Quận Phú Nhuận"
"Số 3 Đặng Dung Tân Định, Q1","Hồ Chí Minh","Hồ Chí Minh","Quận 1"
"49 Đường 65, Tân Phong, Q7","Hồ Chí Minh","Hồ Chí Minh","Quận 7"
"30A Nguyễn Trọng Tuyển, P1 Tân Bình","Hồ Chí Minh","Hồ Chí Minh","Quận Tân Bình"
"01 Công Trường Quốc Tế Q3","Hồ Chí Minh","Hồ Chí Minh","Quận 3"
"","","",""
"572 QL 22, KP 6, Thị Trấn Củ Chi","Hồ Chí Minh","Hồ Chí Minh","Huyện Củ Chi"
"99/1 Nguyễn Văn Quá , P.Đông Hưng Thuận , Q12","Hồ Chí Minh","Hồ Chí Minh","Quận 12"
"467/79/2 Lê Đức Thọ, P6, GV","Hồ Chí Minh","Hồ Chí Minh","Quận Gò Vấp"
"2/11 chấn hưng, p.6, tân bình","Hồ Chí Minh","Hồ Chí Minh","Quận Tân Bình"
"","","",""
"89 Cao Văn Ngọc, P. Phú Trung, Quận Tân Phú","Hồ Chí Minh","Hồ Chí Minh","Quận Tân Phú"
"","","",""
"Quận 7","Hồ Chí Minh","Hồ Chí Minh","Quận 7"
"Chợ Ba Đồn, KP 1, TX Ba Đồn, Quảng Bình","Quảng Bình","",""
"35/2 Lê Bình, P4, Tân Bình","Hồ Chí Minh","Hồ Chí Minh","Quận Tân Bình"
"145/3 Nguyễn Đình Chính, P.11, Phú Nhuận","Hồ Chí Minh","Hồ Chí Minh","Quận Phú Nhuận"
"42 Bình Giã , F13, Q Tân Bình","Hồ Chí Minh","Hồ Chí Minh","Quận Tân Bình"
"89 Bà Huỵ6n Thanh Quan, Q3, tp.hcm","Hồ Chí Minh","Hồ Chí Minh","Quận 3"
"62 Trần Hưng Đạo B, F7, Q5","Hồ Chí Minh","Hồ Chí Minh","Quận 5"
"27/4 Hồng Hà, P2, Q.Tân Bình","Hồ Chí Minh","Hồ Chí Minh","Quận Tân Bình"
"946 Kha Vạn Cân, P Trường Thọ , Q. Thủ Đức","Hồ Chí Minh","Hồ Chí Minh","Quận Thủ Đức"
"77/20 Ngô Gia Tự, P.2, Q.10, TP.HCM","Hồ Chí Minh","Hồ Chí Minh","Quận 10"
"164 Bùi Thị Xuân, P.3, Tân Bình","Hồ Chí Minh","Hồ Chí Minh","Quận Tân Bình"
"Gia lai","Gia Lai","",""
"TP, Bến Tre","Bến Tre","Bến Tre",""
"225 Nguyễn Xí, P13, Bình Thạnh","Hồ Chí Minh","Hồ Chí Minh","Quận Bình Thạnh"
"","","",""
"Đà Lạt,","Lâm Đồng","Đà Lạt",""
"73 Quán Sứ, Q. Hoàn Kiếm, TP Hà Nội","Hà Nội","Hà Nội",""
"201/61 Nguyễn Xí, P.26, Bình Thạnh","Hồ Chí Minh","Hồ Chí Minh","Quận Bình Thạnh"
"47/11 Nguyễn Hiền, P.4, Q3","Hồ Chí Minh","Hồ Chí Minh","Quận 3"
"Số 30, Nguyễn Thị Diệu, P6, Q3, TP HCM","Hồ Chí Minh","Hồ Chí Minh","Quận 3"
"180D Hai Bà Trưng , P Dakao, Q1","Hồ Chí Minh","Hồ Chí Minh","Quận 1"
"149/20/9, Bành Văn Trân, P7, Tân Bình","Hồ Chí Minh","Hồ Chí Minh","Quận Tân Bình"
"110 đường 19, P. Bình Trị Đông B, Bình Tân","Hồ Chí Minh","Hồ Chí Minh","Quận Bình Tân"
"6 Thống Nhất, P.1, TP. Vũng Tàu","Bà Rịa - Vũng Tàu","Vũng Tàu",""
"159 Hồ Học Lãm,  Phường An Lạc, Bình Tân","Hồ Chí Minh","Hồ Chí Minh","Quận Bình Tân"
"392/9 Ung Văn Khiêm, P.25, Q.BT","Hồ Chí Minh","Hồ Chí Minh","Quận Bình Thạnh"
"12B Phan Văn Khoẻ, F2, Q6","Hồ Chí Minh","Hồ Chí Minh","Quận 6"
"58/14 Hà Huy giáp, P.Thạnh Lộc, Q.12","Hồ Chí Minh","Hồ Chí Minh","Quận 12"
"756-758 Trường Chinh, P.15, Tân Bình","Hồ Chí Minh","Hồ Chí Minh","Quận Tân Bình"
"45 phan chu trinh, p. hòa bình, biên hòa , đồng nai","Đồng Nai","Biên Hoà",""
"75 ngô chí liên, phan thiết, bình thạnh","Hồ Chí Minh","Hồ Chí Minh","Quận Bình Thạnh"
"033 Lô B Cư Xá Thanh Đa, P27,  Q Bình Thạnh","Hồ Chí Minh","Hồ Chí Minh","Quận Bình Thạnh"
"649/47 Điện Biên Phủ , P25,  Q Bình Thạnh","Hồ Chí Minh","Hồ Chí Minh","Quận Bình Thạnh"
"635/15 P Hưng Phú, F9, Q8","Hồ Chí Minh","Hồ Chí Minh","Quận 8"
"44B Đinh Công Tráng, P.Tân Định, Q1","Hồ Chí Minh","Hồ Chí Minh","Quận 1"
"24 B, Đống Đa, F2, Bình Thạnh","Hồ Chí Minh","Hồ Chí Minh","Quận Bình Thạnh"
"400 Ung Văn Khiêm, P.25, Q.Bình Thạnh","Hồ Chí Minh","Hồ Chí Minh","Quận Bình Thạnh"
"38 Nguyễn Duy , P9, Q8, TPHCM","Hồ Chí Minh","Hồ Chí Minh","Quận 8"
"44B Đinh Công Tráng , Phường Tân Định , Q1","Hồ Chí Minh","Hồ Chí Minh","Quận 1"
"21/9 Tự Lập, P.4, Tân Bình","Hồ Chí Minh","Hồ Chí Minh","Quận Tân Bình"
"","","",""
"113/19/25 Trần Văn Đang , F11, Q3","Hồ Chí Minh","Hồ Chí Minh","Quận 3"
"511/33 Huỳnh Văn Bánh, P14, Q.PN","Hồ Chí Minh","Hồ Chí Minh","Quận Phú Nhuận"
"117 Hoàng Văn Thụ, P.8, Q.Phú Nhuận, TP. HCM","Hồ Chí Minh","Hồ Chí Minh","Quận Phú Nhuận"
"Nhà số 6/107 Lý Thường Kiệt , P Đồng Mỹ , TP Đồng Hơí, Quảng Bình","Quảng Bình","Đồng Hội",""
"44 Phan Huy ôn, P.19, Bình Thạnh TP.HCM","Hồ Chí Minh","Hồ Chí Minh","Quận Bình Thạnh"
"Nhà thờ Đức Bà, Quận 1,","Hồ Chí Minh","Hồ Chí Minh","Quận 1"
"517/7 Đường Nguyễn Trãi , P7, Q5","Hồ Chí Minh","Hồ Chí Minh","Quận 5"
"Số 10 Nguyễn Hồng Đào, F14,Tân Bình","Hồ Chí Minh","Hồ Chí Minh","Quận Tân Bình"
"129/14 bình thới, Phường 11, Quận 11, Thành phố Hồ Chí Minh","Hồ Chí Minh","Hồ Chí Minh","Quận 11"
"","","",""
"","","",""
"","","",""
"19/51 Trần Bình Trọng, P.5, Bình thạnh","Hồ Chí Minh","Hồ Chí Minh","Quận Bình Thạnh"
"Phòng 2206CT5A Khu đô Thị Văn Khuê -Hà Đông - Hà Nội","Hà Nội","Hà Nội",""
"","","",""
"","","",""
"79C Điện bIÊN pHủ, P. Đakao, Q1","Hồ Chí Minh","Hồ Chí Minh","Quận 1"
"712 a Lô Y, Đoàn Văn Bơ, P.10, Q.4","Hồ Chí Minh","Hồ Chí Minh","Quận 4"
"Quận 2","Hồ Chí Minh","Hồ Chí Minh","Quận 2"
"182 Đinh Bộ Lĩnh, P26, Quận Bình Thạnh , TP HCM","Hồ Chí Minh","Hồ Chí Minh","Quận Bình Thạnh"
"","","",""
"67 Xuân Thuỷ , Thảo Điền, Q2","Hồ Chí Minh","Hồ Chí Minh","Quận 2"
"436B/71B/26 Đường 3/2, P.12, Q10","Hồ Chí Minh","Hồ Chí Minh","Quận 10"
"118 Trần Hữu Trang, P10, Quận Phú Nhuận","Hồ Chí Minh","Hồ Chí Minh","Quận Phú Nhuận"
"161 Nguyễn Thượng Hiền, Bình Thạnh","Hồ Chí Minh","Hồ Chí Minh","Quận Bình Thạnh"
"177 Ngô Đức Kế, Khối 10, P.Hồng Sơn, Nghệ An","Nghệ An","",""
"401 Hồng Bàng, P14, Q5","Hồ Chí Minh","Hồ Chí Minh","Quận 5"
"66/8 Phương Sào Nam, P.11, Q. Tân Bình","Hồ Chí Minh","Hồ Chí Minh","Quận Tân Bình"
"196/6c Đề Thám, Phường Cầu Ong Lãnh, Q1","Hồ Chí Minh","Hồ Chí Minh","Quận 1"
"18/12/D2 Nguyễn Thị Minh Khai, P. Đa Kao, Q.1","Hồ Chí Minh","Hồ Chí Minh","Quận 1"
"229/17/55 Bùi Thị Xuân, p.1, tân bình","Hồ Chí Minh","Hồ Chí Minh","Quận Tân Bình"
"93/5 Xô Viết Nghệ Tĩnh, P.17, Q. Bình Thạnh","Hồ Chí Minh","Hồ Chí Minh","Quận Bình Thạnh"
"10/3 Đường 22, P.5, Gò Vấp","Hồ Chí Minh","Hồ Chí Minh","Quận Gò Vấp"
"","","",""
"Số 02 Hùng Vương, Q. Ninh Kiều, TP Cần Thơ","Cần Thơ","Cần Thơ",""
"Số 60 Thái Nguyên, P.Phương Sài, TP.Nha Trang, Khánh Hòa","Khánh Hòa","Nha Trang",""
"Số 60 Thái Nguyên, P. Phương Sài, TP.Nha Trang, Khánh Hòa","Khánh Hòa","Nha Trang",""
"Số 122 đường 16/4, Phường Mỹ Hải, TP Phan Rang - Tháp Chàm, Tỉnh Ninh Thuận","Ninh Thuận","Phan Rang",""
"P1, L7, KS. Bến Thành , 141 Nguyễn Huệ, P.Bến Nghé, Quận 1, TP.Hồ Chí Minh","Hồ Chí Minh","Hồ Chí Minh","Quận 1"
"08 Nguyễn Bỉnh Khiêm, Phường Đa Kao, Quận 1, Thành phố Hồ Chí Minh","Hồ Chí Minh","Hồ Chí Minh","Quận 1"
"08 Nguyễn Bỉnh Khiêm, Phường Đa Kao, Quận 1, Thành phố Hồ Chí Minh","Hồ Chí Minh","Hồ Chí Minh","Quận 1"
"59-61 Pasteur, P. Bến Nghé, Quận 1, TP.HCM","Hồ Chí Minh","Hồ Chí Minh","Quận 1"
"Số 32, Đường số 10, Khu Phố 1, P.Thảo Điền, Q2, TP HCM.","Hồ Chí Minh","Hồ Chí Minh","Quận 2"
"Số 94 Võ Thị Sáu, Phường Tân Định, Quận 1, TP. HCM","Hồ Chí Minh","Hồ Chí Minh","Quận 1"
"359 Phạm Văn Chiêu, Phường 14, Quận Gò Vấp, Thành phố Hồ Chí Minh","Hồ Chí Minh","Hồ Chí Minh","Quận Gò Vấp"
"C2.00.01 Tầng trệt, khu thương mại Chung cư Him Lam chợ lớn, 491 Hậu Giang, P11, Q6, TP HCM.","Hồ Chí Minh","Hồ Chí Minh","Quận 6"
"Số 50, đường số 3, khu phố 4, Phường Bình An, Quận 2, Thành Phố Hồ Chí Minh, Việt Nam","Hồ Chí Minh","Hồ Chí Minh","Quận 2"
"Số 217 - 219 đường 30/04, Phường 2, Thành phố Tây Ninh, Tỉnh Tây Ninh","Tây Ninh","Tây Ninh",""
"415 Hoàng Văn Thụ, Phường 02, Quận Tân Bình, Thành phố Hồ Chí Minh","Hồ Chí Minh","Hồ Chí Minh","Quận Tân Bình"
"Tầng 1, gian hàng Số 1044, Tòa nhà Thùy Dương, Khu đô thị Ngã Năm sân bay Cát Bi, P. Đông Khê, Q. Ngô Quyền, TP.","","",""
"Số 06 Nại Nam, P. Hoà Cường Bắc, Q. Hải Châu, TP. Đà Nẵng","Đà Nẵng","Đà Nẵng",""
"Góc đường 3 tháng 2 và đường thi sách, Phường 8, TP. Vũng Tàu, Tỉnh Bà Rịa Vũng Tàu","Bà Rịa - Vũng Tàu","Vũng Tàu",""
"124 Phan Đăng Lưu, F.3, Q.PN, TP.HCM","Hồ Chí Minh","Hồ Chí Minh","Quận Phú Nhuận"
"07 Trường Sa, Phường Hòa Hải, Quận Ngũ Hành Sơn, Thành Phố Đà Nẵng , Việt Nam","Đà Nẵng","Đà Nẵng",""
"Số 7, Đường Bằng Lăng 1, Phường Việt Hưng, Quận Long Biên, Thành phố Hà Nội","Hà Nội","Hà Nội",""
"Số 7 Đường Bằng Lăng 1, Phường Việt Hưng, Quận Long Biên, Thành phố Hà Nội, Việt Nam","Hà Nội","Hà Nội",""
"TTTM Minh Khai, Đường Nguyễn Thị Minh Khai, Phường Trần Phú, TP. Hà Tĩnh, Tỉnh Hà Tĩnh, Việt Nam","Hà Tĩnh","",""
"Số 60 Thái Nguyên, Phường Phương Sài, Thành phố Nha Trang, Tỉnh Khánh Hoà, Việt Nam","Khánh Hòa","Nha Trang",""
"Số 60 Thái Nguyên, Phường Phương Sài, Thành phố Nha Trang, Tỉnh Khánh Hoà, Việt Nam","Khánh Hòa","Nha Trang",""
"Nguyễn Sinh Sắc, Khóm 2, Phường 2, Thành phố Sa Đéc, Tỉnh Đồng Tháp","Đồng Tháp","",""
"Số 6 Nguyễn Hữu Thọ, Khu phố 2, Phường Phước Trung, Thành Phố Bà Rịa, Tỉnh Bà Rịa Vũng Tàu","Bà Rịa - Vũng Tàu","Vũng Tàu",""
"Số 368, đường  30 tháng 4,  Phường Chánh Nghĩa, Thành phố Thủ Dầu Một, Tỉnh Bình Dương","Bình Dương","Thủ Dầu Một",""
"Số 01 Mai Thị Tốt, Phường 2, Thành phố Tân An, Tỉnh Long An , Việt Nam","Long An","Tân An",""
"Tổ 21 khóm Châu Quới 3, Phường Châu Phú B, Thành phố Châu Đốc, Tỉnh An Giang","An Giang","",""
"Số 122 đường 16/4, Phường Mỹ Hải, Thành phố Phan Rang - Tháp Chàm, Tỉnh Ninh Thuận, Việt Nam","Ninh Thuận","Phan Rang",""
"Tổ 6, Khối Phước Hải, Phường Cửa Đại, Thành Phố Hội An, Tỉnh Quảng Nam, Việt Nam","Quảng Nam","",""
"Gian hàng số 5, tầng trệt, Khách sạn New World, số 76 Lê Lai, Phường Bến Thành, Quận 1, Thành phố Hồ Chí Minh","Hồ Chí Minh","Hồ Chí Minh","Quận 1"
"Số 72 Lê Thánh Tôn, Phường Bến Nghé, Quận 1, Thành phố Hồ Chí Minh, Việt Nam","Hồ Chí Minh","Hồ Chí Minh","Quận 1"
"Số 72 Lê Thánh Tôn, Phường Bến Nghé, Quận 1, Thành phố Hồ Chí Minh, Việt Nam","Hồ Chí Minh","Hồ Chí Minh","Quận 1"
"Số 72 Lê Thánh Tôn, Phường Bến Nghé, Quận 1, Thành Phố Hồ Chí Minh, Việt Nam","Hồ Chí Minh","Hồ Chí Minh","Quận 1"
"Số 72 Lê Thánh Tôn, Phường Bến Nghé, Quận 1, Thành phố Hồ Chí Minh","Hồ Chí Minh","Hồ Chí Minh","Quận 1"
"63 Đông Du, Q.1","Hồ Chí Minh","Hồ Chí Minh","Quận 1"
"","","",""
"489/29/22 Huỳnh Văn Bánh,  Quận Phú Nhận, Thành phố Hồ Chí Minh","Hồ Chí Minh","Hồ Chí Minh",""
"","","",""
"22 Hoàng Diệu, F12, Q4","Hồ Chí Minh","Hồ Chí Minh","Quận 4"
"","","",""
"","","",""
"29 Phan Xích Long, P3, Q. Phú Nhuận","Hồ Chí Minh","Hồ Chí Minh","Quận Phú Nhuận"
"197 Phan Đăng Lưu, P.1,  Phú Nhuận","Hồ Chí Minh","Hồ Chí Minh","Quận Phú Nhuận"
"4B Đường Phú Hữu, Q9","Hồ Chí Minh","Hồ Chí Minh","Quận 9"
"KH Ms Oanh","","",""
"48A Võ Văn Tần, P.6, Q.3","Hồ Chí Minh","Hồ Chí Minh","Quận 3"
"21/2A Bùi Thế Mỹ, F10, Q.Tân Bình","Hồ Chí Minh","Hồ Chí Minh","Quận Tân Bình"
"92 Trần Thái Tông, P.15, Tân Bình","Hồ Chí Minh","Hồ Chí Minh","Quận Tân Bình"
"Lầu 8, P6, CC Nguyễn Ngọc Phương, p19, Bình Thạnh","Hồ Chí Minh","Hồ Chí Minh","Quận Bình Thạnh"
"115 Hồng Hà , Tân Bình, TPHCM","Hồ Chí Minh","Hồ Chí Minh","Quận Tân Bình"
"88/42 Đào Duy Anh, P9, Q. Phú Nhuận","Hồ Chí Minh","Hồ Chí Minh","Quận Phú Nhuận"
"76 Lê lai, Q1","Hồ Chí Minh","Hồ Chí Minh","Quận 1"
"Số 5 Nguyễn Gia Thiều Q3","Hồ Chí Minh","Hồ Chí Minh","Quận 3"
"18 Hoàng hoa thám, Phú lợi, thủ dầu một, bình dương","Bình Dương","Thủ Dầu Một",""
"P1. 0303 Tòa Park 1, Vinhomes Central Park, 208 Nguyễn Hữu Cảnh, Q. Bình Thạnh","Hồ Chí Minh","Hồ Chí Minh","Quận Bình Thạnh"
"148 Nguyễn Công Trứ, P. Nguyễn Thái Bình, Q1","Hồ Chí Minh","Hồ Chí Minh","Quận 1"
"","","",""
"34A, Nguyễn Lâm, P.7, Q. Phú Nhuận","Hồ Chí Minh","Hồ Chí Minh","Quận Phú Nhuận"
"A2 Phạm Ngoc Thạch Q3","Hồ Chí Minh","Hồ Chí Minh","Quận 3"
"86/9 Trần Bình Trọng Q5","Hồ Chí Minh","Hồ Chí Minh","Quận 5"
"12  Hoa Giâý, P7, Phú Nhuận","Hồ Chí Minh","Hồ Chí Minh","Quận Phú Nhuận"
"Đà Lạt,","Lâm Đồng","Đà Lạt",""
"86/5 Trần Hữu trang, Phú nhuận","Hồ Chí Minh","Hồ Chí Minh","Quận Phú Nhuận"
"111 Nguyễn Oanh, Gò Vấp","Hồ Chí Minh","Hồ Chí Minh","Quận Gò Vấp"
"238 B, Pastuer , F 6,Q3","Hồ Chí Minh","Hồ Chí Minh","Quận 3"
"Số 1, lê đại hành, phường 3, đà lạt","Lâm Đồng","Đà Lạt",""
"77 Tân  Sơn Hòa, P.2, Tân Bình","Hồ Chí Minh","Hồ Chí Minh","Quận Tân Bình"
"40 Đường 23, P.10, Q.6","Hồ Chí Minh","Hồ Chí Minh","Quận 6"
"","","",""
"181A Điện Biên Phủ,P.Đakao,Q1","Hồ Chí Minh","Hồ Chí Minh","Quận 1"
"Cần thơ","Cần Thơ","Cần Thơ",""
"413/48A Nguyễn Kiệm, Phú Nhuận","Hồ Chí Minh","Hồ Chí Minh","Quận Phú Nhuận"
"438 Sư Vạn Hạnh, P9, Q10","Hồ Chí Minh","Hồ Chí Minh","Quận 10"
"500/23 Phạm Văn Hai, Q. Tân Bình","Hồ Chí Minh","Hồ Chí Minh","Quận Tân Bình"
"46B - Nguyễn Chí Thanh - Đà Nẵng","Đà Nẵng","Đà Nẵng",""
"phan thiết","Bình Thuận","Phan Thiết",""
"81/14 đường Năm Châu, Tân Bình","Hồ Chí Minh","Hồ Chí Minh","Quận Tân Bình"
"389 Nguyễn Kiệm , F9, Phú Nhuận","Hồ Chí Minh","Hồ Chí Minh","Quận Phú Nhuận"
"Lý Thường Kiệt","","",""
"205 / 18 Trần Văn Đang , F11, Q3","Hồ Chí Minh","Hồ Chí Minh","Quận 3"
"Di Linh , Lâm Đồng","Lâm Đồng","",""
"629/8 CMT8, F15, Q10","Hồ Chí Minh","Hồ Chí Minh","Quận 10"
"20 Đường số 2, Linh Đông , Thủ Đức","Hồ Chí Minh","Hồ Chí Minh","Quận Thủ Đức"
"Tỉnh lộ 743, An Phú , Thuận An , Bình Dương","Bình Dương","",""
"229/24B Thích Quảng Đức, P4, Q. Phú Nhuận","Hồ Chí Minh","Hồ Chí Minh","Quận Phú Nhuận"
"362/46 Nguyễn Đình Chiêủ, P4, Q3","Hồ Chí Minh","Hồ Chí Minh","Quận 3"
"Cần Thơ","Cần Thơ","Cần Thơ",""
"1491/21 Phạm Thế Hiển, P6, Q8","Hồ Chí Minh","Hồ Chí Minh","Quận 8"
"64 huỳnh lan khanh,p.2, tân bình","Hồ Chí Minh","Hồ Chí Minh","Quận Tân Bình"
"Quảng Ngãi - chị Liên","Quảng Ngãi","Quảng Ngãi",""
" Tiền Giang","Tiền Giang","",""
"Thủ Đức","Hồ Chí Minh","Hồ Chí Minh","Quận Thủ Đức"
"Vĩnh Long","Vĩnh Long","",""
"15 Ngách 76, ngõ 124 đường âu cơ, P. Tứ Liêm, Q.Tây Hồ, HN","","",""
"243 Sư Vạn Hạnh","","",""
"Đà Nẵng","Đà Nẵng","Đà Nẵng",""
"","","",""
"171/10 Phường Bình Chiểu, Quận Thủ  Đức","","",""
"QL 51 Thị Trấn Ph1u Mỹ, Huyện Tân Thành, Bà Rịa Vũng Tàu","Bà Rịa - Vũng Tàu","Vũng Tàu",""
"184 Điện Biên Phủ, TP.Huế","Thừa Thiên Huế","Huế",""
"330 Nguyễn Tất Thành, P.13, Q.4, TPHCM","Hồ Chí Minh","Hồ Chí Minh","Quận 4"
"222 Đinh Bộ Lĩnh, P.2, TP Mỹ Tho","Tiền Giang","Mỹ Tho",""
"355 Bình Long, P. Bình Hưng Hòa A, Bình tân","Hồ Chí Minh","Hồ Chí Minh","Quận Bình Tân"
"ấp 2, Xã Hoà Thạnh, Huyện Tam Bình, Vĩnh Long","Vĩnh Long","",""
"71/13 Nguyễn Bặc , F3, Tân Bình","Hồ Chí Minh","Hồ Chí Minh","Quận Tân Bình"
"Tổ 145, P. Hoà Minh, Q. Liên Chiểu, Đà Nẵng","Đà Nẵng","Đà Nẵng",""
"Thôn Hoà Trúc, Xã Hoà Thạch, H. Quốc Oai, TP. Hà Nội","Hà Nội","Hà Nội",""
"Lê lợi, hốc môn","Hồ Chí Minh","Hồ Chí Minh","Huyện Hóc Môn"
"245 Trần Hưng Đạo, P. Quyết Thắng, TP. Kum Tum","","",""
"","","",""
"299b Lương Định Cuả Q2","Hồ Chí Minh","Hồ Chí Minh","Quận 2"
"340 , đường số 8 P11, Q GV","Hồ Chí Minh","Hồ Chí Minh","Quận Gò Vấp"
"205 Đội Cung, P.9, Q.11","Hồ Chí Minh","Hồ Chí Minh","Quận 11"
"Thôn Thanh Hạ, Xã Ninh Hoà, Huyện Hoa Lư, Tỉnh Ninh Bình","Ninh Bình","Ninh Bình",""
"73 Xa Lộ Hà Nội, P. Thảo Điền, Q.2","Hồ Chí Minh","Hồ Chí Minh","Quận 2"
"621/18/4/2 Tỉnh lộ 10, Bình Trị Đông B, Q Bình Tân","Hồ Chí Minh","Hồ Chí Minh","Quận Bình Tân"
"KP 1, Thị Trấn Tân Biên, Tây Ninh","Tây Ninh","Tây Ninh",""
"183/36 Bến Vân Đồn, P5, Q4","Hồ Chí Minh","Hồ Chí Minh","Quận 4"
"số 20 đường 23 tháng 10, nha trang","Khánh Hòa","Nha Trang",""
"85/4 P Đông Hưng Hoà Q12","Hồ Chí Minh","Hồ Chí Minh","Quận 12"
"12/3 bis Kỳ Đồng, P.9, Q.3","Hồ Chí Minh","Hồ Chí Minh","Quận 3"
"262 Lê Thị Riêng, Thới An, Q.12","Hồ Chí Minh","Hồ Chí Minh","Quận 12"
"244 Nguyễn Văn Đậu, P.11, Q. Bình Thạnh","Hồ Chí Minh","Hồ Chí Minh","Quận Bình Thạnh"
"237 Hoàng Diệu, Q.4","Hồ Chí Minh","Hồ Chí Minh","Quận 4"
"52/41/22/2A Đường số 8, KP9, p. bìNH hƯNG hòA, bìNH tÂN","Hồ Chí Minh","Hồ Chí Minh","Quận Bình Tân"
"124 Xóm Chiêú , P14, Q4, TPHCM","Hồ Chí Minh","Hồ Chí Minh","Quận 4"
"Xã Phước Thái, Huyện Long Thành, Tỉnh Đồng Nai","Đồng Nai","",""
"165/17 đường 3/2 Q11, Q10, gần nhà hát Hoà Bình","Hồ Chí Minh","Hồ Chí Minh","Quận 10"
"220 QL22, KP Lộc Du, TT. Trảng Bàng, Tây Ninh","Tây Ninh","Tây Ninh",""
"65, Nguyễn Bảo, P6,TP Vũng Tàu, Tỉnh Bà Rịa Vũng Tàu","Bà Rịa - Vũng Tàu","Vũng Tàu",""
"Gần Ga Xe lửa Q3","Hồ Chí Minh","Hồ Chí Minh","Quận 3"
"Đường Tân Xuân Năm,  34/2F Xã Tân Xuân, Hóc Môn","Hồ Chí Minh","Hồ Chí Minh","Huyện Hóc Môn"
"Tiền Giang","Tiền Giang","",""
"384 Trường sa, p.2, phú nhuận","Hồ Chí Minh","Hồ Chí Minh","Quận Phú Nhuận"
"109D/110 Bến Vân Đồn, P.8, Q4 TP.HCM","Hồ Chí Minh","Hồ Chí Minh","Quận 4"
"101 Huỳnh Văn Nhứt, P3, Tân AN, Long An","Long An","Tân An",""
"P An Nhơn , TX An Nhơn , Bình Định","Bình Định","",""
"197/20 Cao Đạt, P.1, Q.5, TP.HCM","Hồ Chí Minh","Hồ Chí Minh","Quận 5"
"Thôn Tuờng Vu, Xả Cộng Hoà, Huyện Kim Thành, Hải Dương","Hải Dương","Hải Dương",""
"Thôn Tường Vu, Xã Cộng Hoà, Huyện Kim Thành, Tỉnh Hải Dương","Hải Dương","Hải Dương",""
"32/12 Đương 12, Lý Thường Kiệt, , Phường Trường Thọ, Thủ Đức.","Hồ Chí Minh","Hồ Chí Minh","Quận Thủ Đức"
"Gần Cầu Vĩnh Bình","Trà Vinh","Vinh",""
"Hải Dương","Hải Dương","Hải Dương",""
"","","",""
"Số 1 Sư Liễu Quán, TP. Huế, Tỉnh Thừa Thiên Huế","Thừa Thiên Huế","Huế",""
"QL1A Tân Kiên, Bình Chánh, TP.HCM","Hồ Chí Minh","Hồ Chí Minh","Huyện Bình Chánh"
"","","",""
"193 Bùi Thị Xuân, P.1, Tân Bình","Hồ Chí Minh","Hồ Chí Minh","Quận Tân Bình"
"2-Mar","","",""
"Xã Phú An, H. Tân Phú, Đồng Nai","Hồ Chí Minh","Hồ Chí Minh","Quận Tân Phú"
"","","",""
"339  Nam Kỳ Khởi Nghĩa, P.7, Q3, TP.HCM","Hồ Chí Minh","Hồ Chí Minh","Quận 3"
"89 Bà Huyện Thanh QUan, P.7, Q.3","Hồ Chí Minh","Hồ Chí Minh","Quận 3"
"555B Đại Lộ Bình Dương,P. Hiệp Thành, TP. Thủ Dầu Một, Tỉnh  Bình Dương","Bình Dương","Thủ Dầu Một",""
"216 Lý  Chính Thắng, Phường 9, Quận 3, Thành phố Hồ Chí Minh","Hồ Chí Minh","Hồ Chí Minh","Quận 3"
"106 Sương Nguyệt ánh,P. Bến Thành, Quận 1, TP. HCM","Hồ Chí Minh","Hồ Chí Minh","Quận 1"
"43 Thảo Điền, P Thảo Điền , Quận 2, TP. Hồ Chí Minh","Hồ Chí Minh","Hồ Chí Minh","Quận 2"
"Số 30 đường Nguyễn Chí Thanh, Phường Tân An, TP. Buôn Ma Thuột, Tỉnh Đắk Lắk","Đăk Lăk","",""
"Toà nhà,Empress Tower, Số 138-142 Đường Hai Bà Trưng, P Đa Kao, Q1, TP HCM","Hồ Chí Minh","Hồ Chí Minh","Quận 1"
"3C Đường Tôn Đức Thắng, Phường Bến Nghé, Quận 1, Thành phố Hồ Chí Minh, Việt Nam","Hồ Chí Minh","Hồ Chí Minh","Quận 1"
"Lô B-03 Khu Thương Mại Amata, QL 1A, P.Long Bình, TP. Biên Hoà, Tỉnh Đồng Nai","Đồng Nai","Biên Hoà",""
"Toà nhà Mipec, 229 Tây Sơn, P. Ngã Tư sở, Q. Đống Đa, TP. Hà Nội","Hà Nội","Hà Nội",""
"17 Tôn Đức Thắng, P. Bến Nghé, Q.1, TP.HCM","Hồ Chí Minh","Hồ Chí Minh","Quận 1"
"48 Trương Định, Phường Bến Thành, Quận 1, TP.HCM","Hồ Chí Minh","Hồ Chí Minh","Quận 1"
"Khu Đô Thị Phía Bắc đường Lê Lợi, Phường Đồng Phú, Thành phố Đồng Hới, Tỉnh Quảng Bình , Việt Nam","Quảng Bình","Đồng Hội",""
"Số 1 Ngô Thời NHậm, P.1, TP. Cao Lãnh, Tỉnh Đồng Tháp","Đồng Tháp","Cao Lãnh",""
"TTTM Hoàng Vũ Plaza, Quốc Lộ 1A, Thị Xã  An Nhơn, Tỉnh Bình Định","Bình Định","",""
"Số 51 đường Nguyễn Văn Cừ, Phường Ngô Quyền, TP. Bắc Giang, Tỉnh Bắc Giang","Bắc Giang","Bắc Giang",""
"Số 1 Đường Phú Lợi, P. Phú Lợi, TP. Thủ Dầu Một, Tỉnh Bình Dương, Việt Nam","Bình Dương","Thủ Dầu Một",""
"Đường Huỳnh Thúc Kháng, Tổ Dân Phố 1, Phường Nghĩa Thành, Thị Xã Gia Nghĩa, Tỉnh Đắk Nông","Đăk Nông","Gia Nghĩa",""
"Đường Thống Nhất, Khu phố 4, Phường Tân Thiện, Thị Xã La Gi, Tỉnh Bình Thuận, Việt Nam","Bình Thuận","",""
"Khu Cột Đồng  Hồ, P. Bạch Đằng, TP. Hạ Long, T. Quảng Ninh","Quảng Ninh","Hạ Long",""
"TTTM Lucky Plaza, 38 Nguyễn Huệ, P. Bến Nghé, Quận 1, TP. HCM","Hồ Chí Minh","Hồ Chí Minh","Quận 1"
"460 Đường 3 Tháng 2, Phường 12, Quận 10, TP.HCM","Hồ Chí Minh","Hồ Chí Minh","Quận 10"
"CRESCENT MALL, 101 Tôn Dật Tiên, P. Tân Phú, Q7, TP HCM","Hồ Chí Minh","Hồ Chí Minh","Quận 7"
"27/13 , Cô Giang , F Cầu Ông Lãnh, Q1","Hồ Chí Minh","Hồ Chí Minh","Quận 1"
"2/1A Đinh Tiên Hoàng, P1, Bình Thạnh.","Hồ Chí Minh","Hồ Chí Minh","Quận Bình Thạnh"
"73B/563 Quang Trung, Gò Vấp","Hồ Chí Minh","Hồ Chí Minh","Quận Gò Vấp"
"99/7 Tân Thơí Hiệp , Q12","Hồ Chí Minh","Hồ Chí Minh","Quận 12"
"Trước Chùa Phổ Quang","","",""
"","","",""
"296 Võ Văn Ngân, Phường Bình Thọ, Quận Thủ Đức, TP. Hồ Chí Minh","Hồ Chí Minh","Hồ Chí Minh","Quận Thủ Đức"
"Số 28, ngõ 199, tổ 27, đường Long Biên, Phường Ngọc Lâm, Quận Long Biên, TP. Hà Nội","Hà Nội","Hà Nội",""
"Bãi Đất Dốc, Huyện Côn Đảo, Tỉnh Bà Rịa - Vũng Tàu","Bà Rịa - Vũng Tàu","Vũng Tàu",""
"Số 191 Quang Trung, Phường Hiệp Phú, Quận 9, Thành phố Hồ Chí Minh, Việt Nam","Hồ Chí Minh","Hồ Chí Minh","Quận 9"
"Tầng 2, 70 Lữ  Gia, P .15, Q11, TP.HCM","Hồ Chí Minh","Hồ Chí Minh","Quận 11"
"7A Lò Đúc, P. Phạm Đình Hổ , Q. Hai Bà Trưng, Hà Nội","Hà Nội","Hà Nội",""
"Số 168 Nguyễn Đình Chiểu, Phường 6, Quận 3, Thành phố Hồ Chí Minh, Việt Nam","Hồ Chí Minh","Hồ Chí Minh","Quận 3"
"Số 207 Lê Hồng Phong, P.8, TP.Vũng Tàu, T.Bà Rịa - Vũng Tàu, VN","Bà Rịa - Vũng Tàu","Vũng Tàu",""
"KP Lộc An, TT Trảng Bàng, H.Trảng Bàng, T.Tây Ninh","Tây Ninh","Tây Ninh",""
"Tòa Nhà TTTM SOIVA PLAZA, Mê Linh, P.Khai Quang, TP.Vĩnh Yên, T.Vĩnh Phúc","Vĩnh Phúc","",""
"141D Đường Phan Đăng Lưu, Phường 02, Q Phú Nhuận, TP Hồ Chí Minh","Hồ Chí Minh","Hồ Chí Minh","Quận Phú Nhuận"
"58/6 Bùi Thế Mỹ, Phường 10, Quận Tân Bình, Thành Phố Hồ Chí Minh","Hồ Chí Minh","Hồ Chí Minh","Quận Tân Bình"
"Số 576 Cách Mạng Tháng Tám, P.3, TP. Tây Ninh, T.Tây Ninh","Tây Ninh","Tây Ninh",""
"Số 36 Nguyễn Thái Học, P.7, TP.Vũng Tàu, T. Bà Rịa - Vũng Tàu","Bà Rịa - Vũng Tàu","Vũng Tàu",""
"65 Hoàng Văn Thụ, P .Phước Ninh, Q.Hải Châu, TP Đà Nẵng","Đà Nẵng","Đà Nẵng",""
"Tầng 1, Toà nhà E3A, Khu ĐTM Yên Hoà, Trung Yên, Cầu Giấy, Hà Nội","Hà Nội","Hà Nội",""
"44 Hồng Bàng, Phường Tân Lập, Nha Trang, Khánh Hòa","Khánh Hòa","Nha Trang",""
"","","",""
"158A Võ Thị Sáu, Phường 8, Quận 3, Thành phố Hồ Chí Minh","Hồ Chí Minh","Hồ Chí Minh","Quận 3"
"Âp 4, Xã Cửa Cạn, Huyện Phú Quốc, Tỉnh Kiên Giang, Việt Nam","Kiên Giang","",""
"12 A Nguyễn Đình Chiểu, Hàm Tiến, Phan Thiết, Bình Thuận","Bình Thuận","Phan Thiết",""
"Phân khu Chức Năng  Số 7.9 - KDL Hồ Tuyền Lâm, Phường 3, Thành phố Đà Lạt, Tỉnh Lâm Đồng","Lâm Đồng","Đà Lạt",""
"Tầng 15, AB Tower, 76A Lê Lai, Phường Bến Thành, Quận 1, TP.HCM","Hồ Chí Minh","Hồ Chí Minh","Quận 1"
"Số 3 Đường 3/2 Phường 11, Quận 10, TPHCM","Hồ Chí Minh","Hồ Chí Minh","Quận 10"
"Tầng 23, số 72-74 Nguyễn Thị Minh Khai, Phường 6, Quận 3,  Thành phố Hồ Chí Minh","Hồ Chí Minh","Hồ Chí Minh","Quận 3"
"Số 72 Lê Thánh Tôn, Phường Bến Nghé, Quận 1, Thành Phố Hồ Chí Minh, Việt Nam","Hồ Chí Minh","Hồ Chí Minh","Quận 1"
"Số 72 Lê Thánh Tôn, Phường Bến Nghé, Quận 1, Thành Phố Hồ Chí Minh, Việt Nam","Hồ Chí Minh","Hồ Chí Minh","Quận 1"
"Số 72 Lê Thánh Tôn, Phường Bến Nghé, Quận 1, Thành Phố Hồ Chí Minh, Việt Nam","Hồ Chí Minh","Hồ Chí Minh","Quận 1"
"74-76 Nam Kỳ Khởi Nghĩa, Phường Nguyễn Thái Bình, Quận 1, Thành phố Hồ Chí Minh","Hồ Chí Minh","Hồ Chí Minh","Quận 1"
"Lầu 2 Tòa nhà Cantavil hoàn Cầu 600A Điện Biên Phủ, P22, Q.Bình Thạnh TP.Hồ Chí Minh","Hồ Chí Minh","Hồ Chí Minh","Quận Bình Thạnh"
"300 Võ Nguyên Giáp, Phường Mỹ An, Quận Ngũ Hành Sơn, Thành Phố Đà Nẵng , Việt Nam","Đà Nẵng","Đà Nẵng",""
"Số 02 Trần Phú, Phường 3, Thành Phố Đà Lạt, Tỉnh Lâm Đồng, Việt Nam","Lâm Đồng","Đà Lạt",""
"83 Lê Hồng Phong, Phường Phước Ninh, Quận Hải Châu, Thành Phố Đà Nẵng","Đà Nẵng","Đà Nẵng",""
"159-163 Thùy Vân, phường Thắng Tam,Thành phố Vũng Tàu","Bà Rịa - Vũng Tàu","Vũng Tàu",""
"Tổ 53 Tân Trà, Đường Trường Sa, Phường Hoà Hải, Quận Ngũ Hành Sơn, Thành phố Đà Nẵng","Đà Nẵng","Đà Nẵng",""
"Số 2 Chương Dương Độ, P. Chương Dương, Q.Hoàn Kiếm , TP. Hà Nội","Hà Nội","Hà Nội",""
"8 Đồng Khởi - Phường Bến Nghé- Quận 1 - TP.HCM","Hồ Chí Minh","Hồ Chí Minh","Quận 1"
"60-62 Lê Lợi, P. Bến Nghé,  Quận 1, TPHCM","Hồ Chí Minh","Hồ Chí Minh","Quận 1"
"60-62 Lê Lợi, Phường Bến Nghé, Quận 1, TP. Hồ Chí Minh","Hồ Chí Minh","Hồ Chí Minh","Quận 1"
"60-62 Lê Lợi, P. Bến Nghé, Quận 1, TPHCM","Hồ Chí Minh","Hồ Chí Minh","Quận 1"
"60-62 Lê Lợi, P. Bến Nghé, Quận 1, TPHCM","Hồ Chí Minh","Hồ Chí Minh","Quận 1"
"194 Hoàng Văn Thụ, F9, Q. Phú Nhuận","Hồ Chí Minh","Hồ Chí Minh","Quận Phú Nhuận"
"76-78 Nguyễn Thị Minh Khai,  Phường 6, Quận 3, Thành phố Hồ Chí Minh","Hồ Chí Minh","Hồ Chí Minh","Quận 3"
"182 Hồ Văn Huê, Phường 9, Quận Phú Nhuận, TP. Hồ Chí minh","Hồ Chí Minh","Hồ Chí Minh","Quận Phú Nhuận"
"Đường ven biển, Phường Điện Dương, Xã Điện Ngọc, Thị Xã Điện Bàn, Tỉnh Quảng Nam","Quảng Nam","",""
"346 Lê Văn Sỹ, Phường 14, Quận 3, Thành phố Hồ Chí Minh","Hồ Chí Minh","Hồ Chí Minh","Quận 3"
"65/16 Đường Giải Phóng, Phường 4, Quận Tân Bình, TPHCM","Hồ Chí Minh","Hồ Chí Minh","Quận Tân Bình"
"92 Nguyễn Văn Trỗi, Phường 8, Quận Phú Nhuận, Thành phố Hồ Chí Minh","Hồ Chí Minh","Hồ Chí Minh","Quận Phú Nhuận"
"488 Hai Bà Trưng, Phường Tân An, Thành Phố Hội An , Tỉnh Quảng Nam","Quảng Nam","",""
"128 Trần Quang Khải, Phường Tân Định, Quận 1, Thành phố Hồ Chí Minh","Hồ Chí Minh","Hồ Chí Minh","Quận 1"
"90/88A Nguyễn Đình Chiểu, P. Đa Kao, Quận 1, TP. HCM","Hồ Chí Minh","Hồ Chí Minh","Quận 1"
"296 Võ Văn Ngân, Phường Bình Thọ, Quận Thủ Đức, Thành phố Hồ Chí Minh","Hồ Chí Minh","Hồ Chí Minh","Quận Thủ Đức"
"34/6 Trần Khánh Dư, Phường Tân Định, Quận 1, Tp. Hồ Chí Minh","Hồ Chí Minh","Hồ Chí Minh","Quận 1"
"34/6 Trần Khánh Dư, Phường Tân Định, Quận 1, Thành phố Hồ Chí Minh , Việt Nam","Hồ Chí Minh","Hồ Chí Minh","Quận 1"
"B35, Lô CN 1-2, Khu Phố Mỹ Tú 3, PhườngTân Phong, Quận 7, TP. HCM, Việt Nam","Hồ Chí Minh","Hồ Chí Minh","Quận 7"
"10 Trương Quyền, Phường 6, Quận 3, Thành phố Hồ Chí Minh","Hồ Chí Minh","Hồ Chí Minh","Quận 3"
"Khu Trung Tâm Chí Linh, Đường Nguyễn Hữu Cảnh, Phường 10, Thành phố Vũng Tàu, Tỉnh Bà Rịa Vũng Tàu","Bà Rịa - Vũng Tàu","Vũng Tàu",""
"Số 20 Đống Đa, P.2, Q.Tân Bình, TP.HCM","Hồ Chí Minh","Hồ Chí Minh","Quận Tân Bình"
"469 Nguyễn Hữu Thọ, Phường Tân Hưng, Quận 7, Thành Phố Hồ Chí Minh","Hồ Chí Minh","Hồ Chí Minh","Quận 7"
"469 Nguyễn Hữu Thọ, Phường Tân Hưng, Quận 7, Thành Phố Hồ Chí Minh","Hồ Chí Minh","Hồ Chí Minh","Quận 7"
"Số 58 đường 23/10, Phường Phương Sơn, Thành phố Nha Trang, Tỉnh Khánh hòa, Việt nam","Khánh Hòa","Nha Trang",""
"Khu Đô Thị The Seasons Bình Dương, Phường Lái Thiêu, Thị Xã Thuận An, Tỉnh Bình Dương","Bình Dương","",""
"Khu Dân Cư Hùng Vương 1, P. Phú Thủy, TP. Phan Thiết, Tỉnh Bình Thuận","Bình Thuận","Phan Thiết",""
"Số 84, đường Mậu Thân, Phường An Hoà, Quận Ninh Kiều, TP. Cần Thơ","Cần Thơ","Cần Thơ",""
"Số 20, đường Cộng Hoà, Phường 12, Quận Tân Bình, TP. HCM","Hồ Chí Minh","Hồ Chí Minh","Quận Tân Bình"
"193-203 Trần Hưng Đạo, Phường Cô Giang, Quận 1, TP. HCM","Hồ Chí Minh","Hồ Chí Minh","Quận 1"
"79 Đinh Tiên Hoàng, P. Đakao, Q.1","Hồ Chí Minh","Hồ Chí Minh","Quận 1"
"79, Đinh Tiên Hoàng , P DaKao ,Q1","Hồ Chí Minh","Hồ Chí Minh","Quận 1"
"","","",""
"Số 01 Tôn Đức Thắng , Phan Thiết, Việt Nam","Bình Thuận","Phan Thiết",""
"2A - 4A Tôn Đức Thắng, Phường Bến Nghé, Quận 1, TP. Hồ Chí Minh","Hồ Chí Minh","Hồ Chí Minh","Quận 1"
"8-15 Tôn Đức Thắng, Quận 1, TP. HCM","Hồ Chí Minh","Hồ Chí Minh","Quận 1"
" KP7 Trần Hưng Đạo - Dương Đông - Phú Quốc","","",""
"","","",""
"96 Cao Thắng, Phường 4, Quận 3, Thành Phố Hồ Chí Minh, Việt Nam","Hồ Chí Minh","Hồ Chí Minh","Quận 3"
"96 Cao Thắng, Phường 4, Quận 3, Thành Phố Hồ Chí Minh, Việt Nam","Hồ Chí Minh","Hồ Chí Minh","Quận 3"
"H6 Khu phố Mỹ Phước, Nguyễn Văn Linh, P.Tân Phong, Q.7, Thành phố Hồ Chí Minh, Việt Nam","Hồ Chí Minh","Hồ Chí Minh","Quận 7"
"133A - 133B Nguyễn Đình Chính, P.8, Q. Phú Nhuận TP.HCM","Hồ Chí Minh","Hồ Chí Minh","Quận Phú Nhuận"
"Số 30, đường Bờ Bao Tân Thắng, phường Sơn Kỳ, quận Tân Phú, TP.Hồ Chí Minh","Hồ Chí Minh","Hồ Chí Minh","Quận Tân Phú"
"Số  01, Đại Lộ Bình Dương, Khu phố Bình Giao, Phường Thuận Giao,Thị Xã Thuận An, Tỉnh Bình Dương","Bình Dương","",""
"Số 27, Đường Cổ Linh, Phường Long Biên, Quận Long Biên, Thành phố Hà Hội , Việt Nam","","",""
"Số 1, Đường số 17A, Khu phố 11, P. Bình Trị Đông B, Q. Bình Tân, TP. HCM,  Việt Nam","Hồ Chí Minh","Hồ Chí Minh","Quận Bình Tân"
"22 Nguyễn Đình Chiểu, P. Hàm Tiến, TP.Phan Thiết, T.Bình Thuận","Bình Thuận","Phan Thiết",""
"A 11 Lê Hồng Phong (nối dài) Phường 12 ,Quận 10, TP.HCM","Hồ Chí Minh","Hồ Chí Minh","Quận 10"
"Tầng 2, TTTM Mipec Riverside, số 2, phố Long Biên II, Phường Ngọc lâm, Quận Long Biên, Thành phố Hà Nội, Việt Nam","Hà Nội","Hà Nội",""
"Tầng 2, TTTM Mipec Riverside, số 2, phố Long Biên II, Phường Ngọc lâm, Quận Long Biên, Thành phố Hà Nội, Việt Nam","Hà Nội","Hà Nội",""
"B2 Nguyễn Hữu Thọ, KDC Kim Sơn, Phường Tân Phong, Quận 7, TP. HCM","Hồ Chí Minh","Hồ Chí Minh","Quận 7"
"Lô G, Chung cư Hùng Vương, Phường 11, Quận 5, TP. Hồ Chí Minh","Hồ Chí Minh","Hồ Chí Minh","Quận 5"
"293 Phạm Văn Bạch, Phường 15, Quận Tân Bình, Thành Phố Hồ Chí Minh","Hồ Chí Minh","Hồ Chí Minh","Quận Tân Bình"
"125 Trần Hưng Đạo, Khu Phố 7, Thị Trấn Dương Đông, Phú Quốc.","","",""
"Số 2 Thi Sách, Phường Bến Nghé, Quận 1, Thành phố Hồ Chí Minh","Hồ Chí Minh","Hồ Chí Minh","Quận 1"
"Gian DO - 21 , Tầng G, Trung Tâm Thương Mại The Garden, Mễ Trì, Từ Liêm, Hà Nội","Hà Nội","Hà Nội",""
"Lầu 2, 506 Nguyễn Đình Chiểu, Phường 4, Quận 3. Thành phố Hồ Chí Minh","Hồ Chí Minh","Hồ Chí Minh","Quận 3"
"Số 250 Bà Triệu, Phường Lê Đại Hành, Quận Hai Bà Trưng, Hà Nội","Hà Nội","Hà Nội",""
"163 Phan Đăng Lưu, Phường 1, Quận Phú Nhuận, Thành phố Hồ Chí Minh","Hồ Chí Minh","Hồ Chí Minh","Quận Phú Nhuận"
"163 Phan Đăng Lưu, Phường 1, Quận Phú Nhuận, Thành phố Hồ Chí Minh","Hồ Chí Minh","Hồ Chí Minh","Quận Phú Nhuận"
"163 Phan Đăng Lưu, Phường 1, Quận Phú Nhuận, Thành phố Hồ Chí Minh","Hồ Chí Minh","Hồ Chí Minh","Quận Phú Nhuận"
"163 Phan Đăng Lưu, Phường 1, Quận Phú Nhuận, Thành phố Hồ Chí Minh","Hồ Chí Minh","Hồ Chí Minh","Quận Phú Nhuận"
"163 Phan Đăng Lưu, Phường 1, Quận Phú Nhuận, Thành phố Hồ Chí Minh","Hồ Chí Minh","Hồ Chí Minh","Quận Phú Nhuận"
"163 Phan Đăng Lưu, Phường 1, Quận Phú Nhuận, Thành phố Hồ Chí Minh","Hồ Chí Minh","Hồ Chí Minh","Quận Phú Nhuận"
"163 Phan Đăng Lưu, Phường 1, Quận Phú Nhuận, Thành phố Hồ Chí Minh","Hồ Chí Minh","Hồ Chí Minh","Quận Phú Nhuận"
"163 Phan Đăng Lưu, Phường 1, Quận Phú Nhuận, Thành phố Hồ Chí Minh","Hồ Chí Minh","Hồ Chí Minh","Quận Phú Nhuận"
"163 Phan Đăng Lưu, Phường 1, Quận Phú Nhuận, Thành phố Hồ Chí Minh","Hồ Chí Minh","Hồ Chí Minh","Quận Phú Nhuận"
"163 Phan Đăng Lưu, Phường 1, Quận Phú Nhuận, Thành phố Hồ Chí Minh","Hồ Chí Minh","Hồ Chí Minh","Quận Phú Nhuận"
"163 Phan Đăng Lưu, Phường 1, Quận Phú Nhuận, Thành phố Hồ Chí Minh","Hồ Chí Minh","Hồ Chí Minh","Quận Phú Nhuận"
"163 Phan Đăng Lưu, Phường 1, Quận Phú Nhuận, Thành phố Hồ Chí Minh","Hồ Chí Minh","Hồ Chí Minh","Quận Phú Nhuận"
"163 Phan Đăng Lưu, Phường 1, Quận Phú Nhuận, Thành phố Hồ Chí Minh","Hồ Chí Minh","Hồ Chí Minh","Quận Phú Nhuận"
"163 Phan Đăng Lưu, Phường 1, Quận Phú Nhuận, Thành phố Hồ Chí Minh","Hồ Chí Minh","Hồ Chí Minh","Quận Phú Nhuận"
"163 Phan Đăng Lưu, Phường 1, Quận Phú Nhuận, Thành phố Hồ Chí Minh","Hồ Chí Minh","Hồ Chí Minh","Quận Phú Nhuận"
"163 Phan Đăng Lưu, Phường 1, Quận Phú Nhuận, Thành phố Hồ Chí Minh","Hồ Chí Minh","Hồ Chí Minh","Quận Phú Nhuận"
"163 Phan Đăng Lưu, Phường 1, Quận Phú Nhuận, Thành phố Hồ Chí Minh","Hồ Chí Minh","Hồ Chí Minh","Quận Phú Nhuận"
"163 Phan Đăng Lưu, Phường 1, Quận Phú Nhuận, Thành phố Hồ Chí Minh","Hồ Chí Minh","Hồ Chí Minh","Quận Phú Nhuận"
"163 Phan Đăng Lưu, Phường 1, Quận Phú Nhuận, Thành phố Hồ Chí Minh","Hồ Chí Minh","Hồ Chí Minh","Quận Phú Nhuận"
"163 Phan Đăng Lưu, Phường 1, Quận Phú Nhuận, Thành phố  Hồ Chí Minh","Hồ Chí Minh","Hồ Chí Minh","Quận Phú Nhuận"
"163 Phan Đăng Lưu, Phường 1, Quận Phú Nhuận, Thành phố Hồ Chí Minh","Hồ Chí Minh","Hồ Chí Minh","Quận Phú Nhuận"
"163 Phan Đăng Lưu, Phường 1, Quận Phú Nhuận, Thành phố Hồ Chí Minh","Hồ Chí Minh","Hồ Chí Minh","Quận Phú Nhuận"
"163 Phan Đăng Lưu, Phường 1, Quận Phú Nhuận, Thành phố Hồ Chí Minh","Hồ Chí Minh","Hồ Chí Minh","Quận Phú Nhuận"
"163 Phan Đăng Lưu, Phường 1, Quận Phú Nhuận, Thành phố Hồ Chí Minh","Hồ Chí Minh","Hồ Chí Minh","Quận Phú Nhuận"
"163 Phan Đăng Lưu, Phường 1, Quận Phú Nhuận, Thành phố Hồ Chí Minh","Hồ Chí Minh","Hồ Chí Minh","Quận Phú Nhuận"
"163 Phan Đăng Lưu, Phường 1, Quận Phú Nhuận, Thành phố Hồ Chí Minh","Hồ Chí Minh","Hồ Chí Minh","Quận Phú Nhuận"
"163 Phan Đăng Lưu, Phường 1, Quận Phú Nhuận, Thành phố Hồ Chí Minh","Hồ Chí Minh","Hồ Chí Minh","Quận Phú Nhuận"
"163 Phan Đăng Lưu, Phường 1, Quận Phú Nhuận, Thành phố Hồ Chí Minh","Hồ Chí Minh","Hồ Chí Minh","Quận Phú Nhuận"
"163 Phan Đăng Lưu, Phường 1, Quận Phú Nhuận, Thành phố Hồ Chí Minh","Hồ Chí Minh","Hồ Chí Minh","Quận Phú Nhuận"
"163 Phan Đăng Lưu, Phường 1, Quận Phú Nhuận, Thành phố Hồ Chí Minh","Hồ Chí Minh","Hồ Chí Minh","Quận Phú Nhuận"
"163 Phan Đăng Lưu, Phường 1, Quận Phú Nhuận, Thành phố Hồ Chí Minh","Hồ Chí Minh","Hồ Chí Minh","Quận Phú Nhuận"
"163 Phan Đăng Lưu, Phường 1, Quận Phú Nhuận, Thành phố Hồ Chí Minh","Hồ Chí Minh","Hồ Chí Minh","Quận Phú Nhuận"
"163 Phan Đăng Lưu, Phường 1, Quận Phú Nhuận, Thành phố Hồ Chí Minh","Hồ Chí Minh","Hồ Chí Minh","Quận Phú Nhuận"
"163 Phan Đăng Lưu, Phường 1, Quận Phú Nhuận, Thành phố Hồ Chí Minh","Hồ Chí Minh","Hồ Chí Minh","Quận Phú Nhuận"
"163 Phan Đăng Lưu, Phường 1, Quận Phú Nhuận, Thành phố Hồ Chí Minh","Hồ Chí Minh","Hồ Chí Minh","Quận Phú Nhuận"
"163 Phan Đăng Lưu, Phường 1, Quận Phú Nhuận, Thành phố Hồ Chí Minh","Hồ Chí Minh","Hồ Chí Minh","Quận Phú Nhuận"
"163 Phan Đăng Lưu, Phường 1, Quận Phú Nhuận, Thành phố Hồ Chí Minh","Hồ Chí Minh","Hồ Chí Minh","Quận Phú Nhuận"
"163 Phan Đăng Lưu, Phường 1, Quận Phú Nhuận, Thành phố Hồ Chí Minh","Hồ Chí Minh","Hồ Chí Minh","Quận Phú Nhuận"
"91 Nguyễn Văn Thủ, P. Đa Kao, Quận 1, TPHCM.","Hồ Chí Minh","Hồ Chí Minh","Quận 1"
"Số 101, Đường Võ Nguyên Giáp, Phường Khuê Mỹ, Quận Ngũ Hành Sơn,  Thành phố Đà Nẵng, Việt Nam","Đà Nẵng","",""
"Lô 120 đường An Thượng  2, Phường Mỹ An, Quận Ngũ Hành Sơn, Thành phố Đà Nẵng, Việt Nam","Đà Nẵng","Đà Nẵng",""
"R4 Ba Vì, Phường 15, Quận 10, TP. Hồ Chí Minh","Hồ Chí Minh","Hồ Chí Minh","Quận 10"
"Hòn Lan, Tân Thành, Hàm Thuận Nam, Bình Thuận","Bình Thuận","",""
"32 Nguyễn Đình Chiểu, Hàm Tiến, Phan Thiết, Bình Thuận","Bình Thuận","Phan Thiết",""
"190 Nguyễn Văn Hưởng, Phường Thảo Điền, Quận 2, Thành phố Hồ Chí Minh","Hồ Chí Minh","Hồ Chí Minh","Quận 2"
"22-22 bis Lê Thánh Tôn, Phường Bến Nghé, Quận 1, Thành phố Hồ Chí Minh","Hồ Chí Minh","Hồ Chí Minh","Quận 1"
"Đường Phạm Văn Đồng, Tổ 14, Phuờng Vĩnh Hoà, Thành phố Nha Trang, Tỉnh Khánh Hoà","Khánh Hòa","Nha Trang",""
"Tổ 18, ấp Tập Phước, Xã Long Phước, Huyện Long Thành, Tỉnh Đồng Nai","Đồng Nai","",""
"Khối Hà My Đông B, Phường Điện Dương, Thị Xã Điện Bàn, Tỉnh Quảng Nam","Quảng Nam","",""
"195/1 Tôn Đản, Phường Hòa An, Quận Cẩm Lệ, Thành phố Đà Nẵng","Đà Nẵng","Đà Nẵng",""
"240 Trần Bình trong, Phường 4 Quận 5, Thành phố Hồ Chí Minh","Hồ Chí Minh","Hồ Chí Minh","Quận 5"
"KCN Mỹ Xuân A, Huyện Tân Thành, Bà Rịa Vũng Tàu.","Bà Rịa - Vũng Tàu","Vũng Tàu",""
"101 Hai Bà Trưng, Quận 1, TP. Hồ Chí Minh","Hồ Chí Minh","Hồ Chí Minh","Quận 1"
"Số 5 Lê Lợi, Phường Vĩnh Ninh, Thành Phố Huế, Tỉnh Thừa Thiên Huế","Thừa Thiên Huế","",""
"323 Lê Văn Sỹ, P. 13, Quận 3, TP. HCM","Hồ Chí Minh","Hồ Chí Minh","Quận 3"
"Đường Trường Sa, P. Hòa Hải, Quận Ngũ Hành Sơn, TP. Đà Nẵng,","Đà Nẵng","Đà Nẵng",""
"Thôn Cù Dù, Xã Lộc Vĩnh, Huyện Phú Lộc, Thừa Thiên Huế","Thừa Thiên Huế","",""
"189-197, 197/1 Nguyễn Văn Hưởng, Phường Thảo Điền, Quận 2, TP. HCM","Hồ Chí Minh","Hồ Chí Minh","Quận 2"
"Số 38 Nguyễn Đình Chiểu, Phường Hàm Tiến, Thành phố Phan Thiết, Tỉnh Bình Thuận, Việt Nam","Bình Thuận","Phan Thiết",""
"280 Đống Đa, P Thanh Bình , Q Hải Châu, Thành Phố Đà Nẵng","Đà Nẵng","Đà Nẵng",""
"249 Nguyễn Thị Minh Khai, Phường Nguyễn Cư Trinh, Quận 1,Thành phố Hồ Chí Minh","Hồ Chí Minh","Hồ Chí Minh","Quận 1"
"Khu  B, Khu Đô Thị Mới An Phú - An Khánh, Phường An Phú, Quận 2, Thành phố Hồ Chí Minh","Hồ Chí Minh","Hồ Chí Minh","Quận 2"
"Khu chức năng VII.2 - Khu Du lịch Hồ Tuyền Lâm - TP Đà Lạt - Tỉnh Lâm Đồng","Lâm Đồng","Đà Lạt",""
"48/7 Hồ Biểu Chánh, Phường 11, Quận Phú Nhuận Thành phố Hồ Chí Minh","Hồ Chí Minh","Hồ Chí Minh","Quận Phú Nhuận"
"0.01-0.02-0.03 Cao ốc B Ngô Gia Tự, Hoà Hảo, P.3, Quận 10, TP. HCM","Hồ Chí Minh","Hồ Chí Minh","Quận 10"
"96 Cao Thắng, Phường 4, Quận 3, Thành Phố Hồ Chí Minh, Việt Nam","Hồ Chí Minh","Hồ Chí Minh","Quận 3"
"96 Cao Thắng, Phường 4, Quận 3, Thành Phố Hồ Chí Minh, Việt Nam","Hồ Chí Minh","Hồ Chí Minh","Quận 3"
"96 Cao Thắng, Phường 4, Quận 3, Thành Phố Hồ Chí Minh, Việt Nam","Hồ Chí Minh","Hồ Chí Minh","Quận 3"
"96 Cao Thắng, Phường 4, Quận 3, Thành Phố Hồ Chí Minh, Việt Nam","Hồ Chí Minh","Hồ Chí Minh","Quận 3"
"96 Cao Thắng, Phường 4, Quận 3, Thành Phố Hồ Chí Minh, Việt Nam","Hồ Chí Minh","Hồ Chí Minh","Quận 3"
"96 Cao Thắng, Phường 4, Quận 3, Thành Phố Hồ Chí Minh, Việt Nam","Hồ Chí Minh","Hồ Chí Minh","Quận 3"
"96 Cao Thắng, Phường 4, Quận 3, Thành Phố Hồ Chí Minh, Việt Nam","Hồ Chí Minh","Hồ Chí Minh","Quận 3"
"96 Cao Thắng, Phường 4, Quận 3, Thành Phố Hồ Chí Minh, Việt Nam","Hồ Chí Minh","Hồ Chí Minh","Quận 3"
"96 Cao Thắng, Phường 4, Quận 3, Thành Phố Hồ Chí Minh, Việt Nam","Hồ Chí Minh","Hồ Chí Minh","Quận 3"
"96 Cao Thắng, Phường 4, Quận 3, Thành Phố Hồ Chí Minh, Việt Nam","Hồ Chí Minh","Hồ Chí Minh","Quận 3"
"96 Cao Thắng, Phường 4, Quận 3, Thành Phố Hồ Chí Minh, Việt Nam","Hồ Chí Minh","Hồ Chí Minh","Quận 3"
"96 Cao Thắng, Phường 4, Quận 3, Thành Phố Hồ Chí Minh, Việt Nam","Hồ Chí Minh","Hồ Chí Minh","Quận 3"
"96 Cao Thắng, Phường 4, Quận 3, Thành Phố Hồ Chí Minh, Việt Nam","Hồ Chí Minh","Hồ Chí Minh","Quận 3"
"96 Cao Thắng, Phường 4, Quận 3, Thành Phố Hồ Chí Minh, Việt Nam","Hồ Chí Minh","Hồ Chí Minh","Quận 3"
"96 Cao Thắng, Phường 4, Quận 3, Thành Phố Hồ Chí Minh, Việt Nam","Hồ Chí Minh","Hồ Chí Minh","Quận 3"
"96 Cao Thắng, Phường 4, Quận 3, Thành Phố Hồ Chí Minh, Việt Nam","Hồ Chí Minh","Hồ Chí Minh","Quận 3"
"96 Cao Thắng, Phường 4, Quận 3, Thành Phố Hồ Chí Minh, Việt Nam","Hồ Chí Minh","Hồ Chí Minh","Quận 3"
"96 Cao Thắng, Phường 4, Quận 3, Thành Phố Hồ Chí Minh, Việt Nam","Hồ Chí Minh","Hồ Chí Minh","Quận 3"
"96 Cao Thắng, Phường 4, Quận 3, Thành Phố Hồ Chí Minh, Việt Nam","Hồ Chí Minh","Hồ Chí Minh","Quận 3"
"96 Cao Thắng, Phường 4, Quận 3, Thành Phố Hồ Chí Minh, Việt Nam","Hồ Chí Minh","Hồ Chí Minh","Quận 3"
"96 Cao Thắng, Phường 4, Quận 3, Thành Phố Hồ Chí Minh, Việt Nam","Hồ Chí Minh","Hồ Chí Minh","Quận 3"
"96 Cao Thắng, Phường 4, Quận 3, Thành Phố Hồ Chí Minh, Việt Nam","Hồ Chí Minh","Hồ Chí Minh","Quận 3"
"96 Cao Thắng, Phường 4, Quận 3, Thành Phố Hồ Chí Minh, Việt Nam","Hồ Chí Minh","Hồ Chí Minh","Quận 3"
"96 Cao Thắng, Phường 4, Quận 3, Thành Phố Hồ Chí Minh, Việt Nam","Hồ Chí Minh","Hồ Chí Minh","Quận 3"
"96 Cao Thắng, Phường 4, Quận 3, Thành Phố Hồ Chí Minh, Việt Nam","Hồ Chí Minh","Hồ Chí Minh","Quận 3"
"96 Cao Thắng, Phường 4, Quận 3, Thành Phố Hồ Chí Minh, Việt Nam","Hồ Chí Minh","Hồ Chí Minh","Quận 3"
"96 Cao Thắng, Phường 4, Quận 3, Thành Phố Hồ Chí Minh, Việt Nam","Hồ Chí Minh","Hồ Chí Minh","Quận 3"
"96 Cao Thắng, Phường 4, Quận 3, Thành Phố Hồ Chí Minh, Việt Nam","Hồ Chí Minh","Hồ Chí Minh","Quận 3"
"96 Cao Thắng, Phường 4, Quận 3, Thành Phố Hồ Chí Minh, Việt Nam","Hồ Chí Minh","Hồ Chí Minh","Quận 3"
"96 Cao Thắng, Phường 4, Quận 3, Thành Phố Hồ Chí Minh, Việt Nam","Hồ Chí Minh","Hồ Chí Minh","Quận 3"
"96 Cao Thắng, Phường 4, Quận 3, Thành Phố Hồ Chí Minh, Việt Nam","Hồ Chí Minh","Hồ Chí Minh","Quận 3"
"96 Cao Thắng, Phường 4, Quận 3, Thành Phố Hồ Chí Minh, Việt Nam","Hồ Chí Minh","Hồ Chí Minh","Quận 3"
"96 Cao Thắng, Phường 4, Quận 3, Thành Phố Hồ Chí Minh, Việt Nam","Hồ Chí Minh","Hồ Chí Minh","Quận 3"
"96 Cao Thắng, Phường 4, Quận 3, Thành Phố Hồ Chí Minh, Việt Nam","Hồ Chí Minh","Hồ Chí Minh","Quận 3"
"96 Cao Thắng, Phường 4, Quận 3, Thành Phố Hồ Chí Minh, Việt Nam","Hồ Chí Minh","Hồ Chí Minh","Quận 3"
"101/8A1 Hồ Văn Huê, Phường 9, Quận Phú Nhận, Thành phố Hồ Chí Minh","Hồ Chí Minh","",""
"832 Trần Hung Đạo, Phường 7, Quận 5, Thành phố Hồ Chí Minh","Hồ Chí Minh","Hồ Chí Minh","Quận 5"
"11 Trường sơn, Phường 15, Quận 10, TP HCM","Hồ Chí Minh","Hồ Chí Minh","Quận 10"
"11 Trường sơn, Phường 15, Quận 10, TP HCM","Hồ Chí Minh","Hồ Chí Minh","Quận 10"
"11 Trường sơn, Phường 15, Quận 10, TP HCM","Hồ Chí Minh","Hồ Chí Minh","Quận 10"
"131 Lê Lợi, Phường 3, Quận Gò Vấp, Thành phố Hồ Chí Minh","Hồ Chí Minh","Hồ Chí Minh","Quận Gò Vấp"
"Số 11, Đường Trường Sơn, Phường 15, Quận 10, Thành phố Hồ Chí Minh","Hồ Chí Minh","Hồ Chí Minh","Quận 10"
"Số 11, Đường Trường Sơn, Phường 15, Quận 10, Thành phố Hồ Chí Minh","Hồ Chí Minh","Hồ Chí Minh","Quận 10"
"Số 11, Đường Trường Sơn, Phường 15, Quận 10, Thành phố Hồ Chí Minh","Hồ Chí Minh","Hồ Chí Minh","Quận 10"
"SJ-07 Khu phố Garden Plaza 1, đường Tôn Dật Tiên, Phường Tân Phong, Quận 7, Thành phố Hồ Chí Minh","Hồ Chí Minh","Hồ Chí Minh","Quận 7"
"Khu TTTM Đồng Xoài, đường Phú Riềng Đỏ, Phường Tân Bình, TX. Đồng Xoài, T. Bình Phước , Việt Nam","Hồ Chí Minh","Hồ Chí Minh","Quận Tân Bình"
"Số 543/1 Phan Văn Trị, P.7, Q. Gò Vấp, TP. HCM","Hồ Chí Minh","Hồ Chí Minh","Quận Gò Vấp"
"571-573 Nguyễn Kiệm, Phuờng 9, Quận Phú Nhuận, Thành phố Hồ Chí Minh, Việt Nam","Hồ Chí Minh","Hồ Chí Minh","Quận Phú Nhuận"
"Số 787 Lũy Bán Bích, Phường Phú Thọ Hòa, Q.uận Tân Phú, Thành phố Hồ Chí Minh","Hồ Chí Minh","Hồ Chí Minh","Quận Tân Phú"
"Tháp nước, Đường Trần Phú, Phường 2, Thành phố Bảo Lộc, Tỉnh Lâm Đồng, Việt Nam","Lâm Đồng","",""
"Số 07, Đường Lê Duẩn, Phường Lý Thường Kiệt, Thành Phố Quy Nhơn, Tỉnh Bình Định, Việt Nam","Bình Định","Quy Nhơn",""
"Số 158 Đường số 19, P. Bình Trị Đông B, Q. Bình Tân, TP.HCM, Việt Nam","Hồ Chí Minh","Hồ Chí Minh","Quận Bình Tân"
"Số 189 C Cống Quỳnh, Phường Nguyễn Cư Trinh, Quận 1, TP. HCM","Hồ Chí Minh","Hồ Chí Minh","Quận 1"
"Số 357 Quốc lộ 22, ấp Thượng, Xã Tân Thông Hội, Huyện Củ Chi, Thành phố Hồ Chí Minh, Việt Nam","Hồ Chí Minh","Hồ Chí Minh","Huyện Củ Chi"
"Tầng Trệt, Tầng 1, Tầng 2 (Siêu thị Co.opMart) Khu A, Chung  Cư Phú Thọ, Phường 15, Quận 11, TP. HCM","Hồ Chí Minh","Hồ Chí Minh","Quận 11"
"Số 543/1 Phan văn Trị, Phường 7, Quận Gò Vấp, Thành phố Hồ Chí Minh, Việt Nam","Hồ Chí Minh","Hồ Chí Minh","Quận Gò Vấp"
"KM Số 10, Đường Nguyễn Trãi, Phường Mộ Lao, Quận Hà Đông, TP.Hà Nội , Việt Nam","Hà Nội","Hà Nội",""
"80/4A Huỳnh Tấn Phát, Phường Phú Mỹ, Quận 7, Thành Phố Hồ Chí Minh, Viêt Nam.","Hồ Chí Minh","Hồ Chí Minh","Quận 7"
"Cao ốc SCREC,  974 A Trường Sa, Phường 12, Quận 3, Thành phố Hồ Chí Minh","Hồ Chí Minh","Hồ Chí Minh","Quận 3"
"Số 48 Hoa Sứ, P.7, Quận Phú Nhuận, Thành Phố Hồ Chí Minh, Việt Nam","Hồ Chí Minh","Hồ Chí Minh","Quận Phú Nhuận"
"Số 127 Đinh Tiên Hoàng, Phường 3, Quận Bình Thạnh, Thành phố Hồ Chí Minh","Hồ Chí Minh","Hồ Chí Minh","Quận Bình Thạnh"
"Tầng 1, Toà nhà The Manor, số 91 Nguyễn Hữu Cảnh, Phường 22, Quận Bình Thành, Thành phố Hồ Chí Minh","Hồ Chí Minh","Hồ Chí Minh","Quận Bình Thạnh"
"06 Hùng Vương, Phường 6, Thành Phố Sóc Trăng, Tỉnh Sóc Trăng, Việt Nam","Sóc Trăng","Sóc Trăng",""
"Số 96 Hùng Vương, Phường 9, Quận 5, Thành Phố Hồ Chí Minh, Việt Nam","Hồ Chí Minh","Hồ Chí Minh","Quận 5"
"Số 7 Trần Huỳnh, Phường 7, TP .Bạc Liêu, Tỉnh Bạc Liêu, vIệT nAM","Bắc Liêu","",""
"Lô 07- Khu B1 Hà Huy Tập, Phường Xuân Hà, Quận Thanh Khê, Thành  phố Đà nẵng, Việt Nam","Đà Nẵng","Đà Nẵng",""
"Lầu 5, tòa nhà HD Tower, 25 bis, Nguyễn Thị Minh Khai, P. Bến Nghé, Quận 1, Thành phố Hồ Chí Minh","Hồ Chí Minh","Hồ Chí Minh","Quận 1"
"TTTM Chợ Thanh Hà, Đường Trần Phú, Phường Phú Hà, TP. Phan Rang -Tháp Chàm , Tỉnh Ninh Thuận","Ninh Thuận","Phan Rang",""
"Số 2038 Hùng Vương, Phường Cam Lộc, Thành phố Cam Ranh, Tỉnh Khánh Hòa , Việt Nam","Khánh Hòa","",""
"Số 2 , đường Phan Đình Phùng, Phường Nam Hà,  Thành phố Hà Tĩnh, Tỉnh Hà Tĩnh , Việt Nam","Hà Tĩnh","",""
"792, Đường Nguyễn Kiệm, Phường 3, Quận Gò Vấp, Thành Phố Hồ Chí Minh","Hồ Chí Minh","Hồ Chí Minh","Quận Gò Vấp"
"Số 478 Điện Biên Phủ, Phường Thanh Khê Đông, Quận Thanh Khê, TP.Đà Nẵng., Việt Nam","Đà Nẵng","Đà Nẵng",""
"Tầng 1, Toà nhà PVFCCo, 43 Mạc Đĩnh Chi, Phường Đa Kao, Quận 1, TP. Hồ Chí Minh","Hồ Chí Minh","Hồ Chí Minh","Quận 1"
"522 Đường Cách Mạng Tháng Tám, Tổ 25, Khu 4, P. Phú Cường, TP. Thủ Dầu Một, Tỉnh Bình Dương, VN","Bình Dương","Thủ Dầu Một",""
"Tổ 7,  đường Trần Hưng Đạo, Khu Phố 7, Thị Trấn Dương Đông, Huyện Phú Quốc, Tỉnh Kiên Giang","Kiên Giang","",""
"Số 128 Đào Cừ, KP Phong Thạnh, TT Cần Thạnh, H. Cần Giờ, TP. HCM","Ho Chi Minh","",""
"TTTM HD, đường Phan Chu Trinh, P.Điện Biên, TP.Thanh Hóa, Tỉnh Thanh Hóa","Thanh Hóa","Thanh Hóa",""
"Số 68/1 Quốc lộ 13, P. Hiệp Bình Chánh, Q.Thủ Đức, TP.HCM","Hồ Chí Minh","Hồ Chí Minh","Quận Thủ Đức"
" Số 01 Đại lộ Hòa Bình, PhườngTân An, Quận Ninh Kiều, Thành phố Cần Thơ, Việt Nam","Cần Thơ","Cần Thơ",""
"TTTM Cát Bi Plaza,Số 01 Lê Hồng Phong,P.Lạc Viên,Q.Ngô Quyền,TP. Hải Phòng","Hải Phòng","Hải Phòng",""
"Số 609 Đường Trương Định, P. Thịnh Liệt, Q. Hoàng Mai, TP.Hà Nội, VN","Hà Nội","Hà Nội",""
"Số 02 Lê Hồng Phong, P. Phước Hải, TP. Nha Trang, T.Khánh Hoà","Khánh Hòa","Nha Trang",""
"172H -172Q Nguyễn Đình Chiểu , F.6, Quận 3","Hồ Chí Minh","Hồ Chí Minh","Quận 3"
"Toà  nhà Citadines BayFront Nha Trang, 62 Trần Phú, P Lộc Thọ, TP Nha Trang, Tỉnh Khánh Hoà , Việt Nam.","Khánh Hòa","Nha Trang",""
"Tầng trệt tòa nhà V2, V3 -Văn Phú Victoria - CT9, KĐT mới Văn Phú, P Phú La, Quận Hà Đông, HN.","","",""
"38 Lâm Văn Bền, P. Tân Kiểng, Quận 7, TP.HCM","Hồ Chí Minh","Hồ Chí Minh","Quận 7"
"Tổ 18, Khu phố 9, Thị trấn Dương Đông, Huyện Phú Quốc, Tỉnh Kiên Giang","Kiên Giang","",""
"57 Thân Thành nối dài, Phường 16, Quận 11, Thành phố Hồ Chí Minh","Hồ Chí Minh","Hồ Chí Minh","Quận 11"
"SN 16- K ĐT Mới Phường Trưng Nhị-TX Phúc Yên-Tỉnh Vĩnh phúc","Vĩnh Phúc","",""
"484R Nơ Trang Long, Phường 13, Quận Bình Thạnh, Thành phố Hồ Chí Minh","Hồ Chí Minh","Hồ Chí Minh","Quận Bình Thạnh"
"17 đường số 32, Phường 17, Quận Gò Vấp, Thành phố Hồ Chí Minh, Việt Nam","Hồ Chí Minh","Hồ Chí Minh","Quận Gò Vấp"
"23 Thảo Điền - KP2 - P.Thảo Điền - Q2 - HCM","Hồ Chí Minh","Hồ Chí Minh","Quận 2"
"74/13D, Hai Bà Trưng, Phường Bến Nghé, Quận 1, TPHCM","Hồ Chí Minh","Hồ Chí Minh","Quận 1"
"Toà nhà Lighthouse số 1254, 1255 đường Xô Viết Nghệ Tĩnh, Quận Hải Châu, Thành phố Đà Nẵng","Đà Nẵng","Đà Nẵng",""
"Tầng lửng Pegasus, 53-55 Võ Thị Sáu, Phường Quyết Thắng, Thành phố Biên Hòa, Tỉnh Đồng Nai, Việt Nam","Đồng Nai","Biên Hoà",""
"72  Lê Thánh Tôn, Phường Bến Nghé, Quận 1, Thành phố Hồ Chí Minh","Hồ Chí Minh","Hồ Chí Minh","Quận 1"
"150B Tô Hiệu, Phường Vĩnh Trường, Thành phố Nha Trang, Tỉnh Khánh Hòa","Khánh Hòa","Nha Trang",""
"Số 199-205 Nguyễn Thái Học, P. Phạm Ngũ Lão, Q.1, TP. HCM","Hồ Chí Minh","Hồ Chí Minh","Quận 1"
"39 Lê Duẩn, Quận 1, Thành phố Hồ Chí Minh, Việt Nam","Hồ Chí Minh","Hồ Chí Minh","Quận 1"
"23A  Nguyễn Thị Diệu , Phường 6 , Quận 3, Thành phố Hồ Chí Minh, Việt Nam","Hồ Chí Minh","Hồ Chí Minh","Quận 3"
"199-205 Nguyễn Thái Học, Phường Phạm Ngũ Lão, Quận 1, Tp. Hồ Chí Minh","Hồ Chí Minh","Hồ Chí Minh","Quận 1"
"Đường Trường Sa, Phường Hòa Hải, Quận Ngũ Hành Sơn, Thành phố Đà Nẵng","Đà Nẵng","Đà Nẵng",""
"Phường Hòa Hải, Quận Ngũ Hành Sơn, Thành phố Đà Nẵng","Đà Nẵng","Đà Nẵng",""
"Số 19 đường Trường Sa, Phường Hoà Hải, Quận Ngũ Hành Sơn, TP. Đà Nẵng , Việt Nam","Đà Nẵng","Đà Nẵng",""
"93AB Nguyễn Thiện Thuật , Nha Trang","Khánh Hòa","Nha Trang",""
"Số 14 Phố Đặng Tiến Đông, Phường Trung Liệt, Quận Đống Đa, Hà Nội","Hà Nội","Hà Nội",""
"34  Nguyễn Sỹ Sách,  Phường Hưng Bình, Thành Phố Vinh, Tỉnh Nghệ An","Nghệ An","",""
"133A-133B Nguyễn Đình Chính, Phường 8, Quận Phú Nhuận, TP. Hồ Chí Minh,  Việt Nam","Hồ Chí Minh","Hồ Chí Minh","Quận Phú Nhuận"
"Lô 50-57, đườg số 1, KCX Linh Trung II, P Bình Chiểu , Q.Thủ Đức","Hồ Chí Minh","Hồ Chí Minh","Quận Thủ Đức"
"Số 71 Nguyễn Tất Thành, Phường Tân An, TP. Buôn Ma Thuột, Tỉnh Đắk Lắk","Đăk Lăk","",""
"Số 2 Trần Hưng Đạo, P.1, TP. Đông Hà, Tỉnh Quảng Trị","Quảng Tri","",""
"TTTM - Văn Hóa -Dịch Vụ-Giải Trí, 497 Hòa Hảo, P.7, Q.10, TP.HCM, VN","Hồ Chí Minh","Hồ Chí Minh","Quận 10"
"36 Phong Châu, Phường Phước Hải, Tp. Nha Trang, Tỉnh Khánh Hòa","Khánh Hòa","Nha Trang",""
"Tầng P, Toà nhà Ryby 1, Sài gòn Pearl, 92 Nguyễn Hữu Cảnh, Phường 22, Quận Bình Thạnh, TP.HCM","Hồ Chí Minh","Hồ Chí Minh","Quận Bình Thạnh"
"666/46/23 Đường 3 tháng 2, Phường 14, Quận 10, Thành phố Hồ Chí Minh","Hồ Chí Minh","Hồ Chí Minh","Quận 10"
"174 Thái Hà, Q.Đống Đa, Hà Nội .","Hà Nội","Hà Nội",""
"Số 21 Cách Mạng Tháng Tám, P. Hoa Lư, TP. Pleiku, Tỉnh Gia Lai","Gia Lai","Pleiku",""
"Số 26 Đường 3/2, P.1, TP. Vĩnh Long, Tỉnh Vĩnh Long","Vĩnh Long","",""
"Số 12 Nguyễn Huệ, P.Mỹ Long, TP.Long Xuyên, Tỉnh An Giang","An Giang","Long Xuyên",""
"Số 26A Trần Quốc Tuấn, P.4, TP. Bến Tre, Tỉnh Bến Tre","Bến Tre","Bến Tre",""
"Số 35,Phố Tuệ Tĩnh, Phường Bùi Thị Xuân,Quận Hai Bà Trưng, Thành phố Hà Nội","Hà Nội","Hà Nội",""
"123 Nguyễn Đình Chiểu, Phường 6, Quận 3, Thành phố Hồ Chí Minh","Hồ Chí Minh","Hồ Chí Minh","Quận 3"
"251/1 Nguyễn Văn Trỗi, F 10, Q. Phú Nhuận.","Hồ Chí Minh","Hồ Chí Minh","Quận Phú Nhuận"
"112 Đường 49A, Khu Phố 2, Phường Thảo Điền, Quận 2, TP Hồ Chí Minh","Hồ Chí Minh","Hồ Chí Minh","Quận 2"
"211/114 Hoàng Hoa Thám, Phường 5 , Phú Nhuận, TP. HCM","Hồ Chí Minh","Hồ Chí Minh","Quận Phú Nhuận"
"07 Bùi Viện, Quận Hải Châu, TP. Đà Nẵng","Đà Nẵng","Đà Nẵng",""
"230 Nguyễn Trãi - Quận 1 - TPHCM","Hồ Chí Minh","Hồ Chí Minh","Quận 1"
"230 Nguyễn Trãi - Quận 1 - TPHCM","Hồ Chí Minh","Hồ Chí Minh","Quận 1"
"230 Nguyễn Trãi - Quận 1 - TPHCM","Hồ Chí Minh","Hồ Chí Minh","Quận 1"
"230 Nguyễn Trãi - Quận 1 - TPHCM","Hồ Chí Minh","Hồ Chí Minh","Quận 1"
"50A Trương Quốc Dung, Phường 10, Quận Phú Nhuận, TP HCM","Hồ Chí Minh","Hồ Chí Minh","Quận Phú Nhuận"
"Số 121, Phạm văn Thuận, P. Tân Tiến, TP. Biên Hòa, T.Đồng Nai.","Đồng Nai","Biên Hoà",""
"Khu TTTM Tổng hợp 16ha, P.Vĩnh Thanh Vân, TP.Rạch Giá, T. Kiên Giang","Kiên Giang","Rạch Giá",""
"319 Trần Hưng Đạo, P.1, TP. Vị Thanh, Tỉnh Hậu Giang","Hậu Giang","Vị Thanh",""
"Số 1332 Nguyễn Trung Trực, P. An Bình, TP. Rạch Gía, Tỉnh Kiên Giang","Kiên Giang","Rạch Giá",""
"Số 1A, Nguyễn Tất Thành, P. Bình Hưng, TP. Phan Thiết, Tỉnh Bình Thuận, VN","Bình Thuận","Phan Thiết",""
"Đường Nguyễn Đáng, Khóm 3, P.6, Tp. Trà Vinh, Tỉnh Trà Vinh","Trà Vinh","Trà Vinh",""
"Số 09, Trần Hưng Đạo, P.5, TP.Cà Mau, Tỉnh Cà Mau","Cà Mau","Cà Mau",""
"Số 35 ấp Bắc, P.5, TP. Mỹ Tho, Tỉnh Tiền Giang","Tiền Giang","Mỹ Tho",""
"Gian Hàng 1.57, Tầng Trệt, A43 Trường  Sơn, P,4, Q.TB","","",""
"GH 1029,Tầng Trệt Tòa Nhà Imperial số 159-163 Thùy Vân, P. Thắng Tam - TP Vũng Tàu","Bà Rịa - Vũng Tàu","Vũng Tàu",""
"Gian Hàng 1.57, Tầng Trệt, A43 Trường  Sơn, P,4, Q.TB","","",""
"Gian Hàng 1.57, Tầng Trệt, A43 Trường  Sơn, P,4, Q.TB","","",""
"Gian Hàng 1.57 tầng trệt, A43 Trường Sơn, P4, Q.Tân Bình.","Hồ Chí Minh","Hồ Chí Minh","Quận Tân Bình"
"Gian Hàng 1.57, Tầng Trệt, A43 Trường  Sơn, P,4, Q.TB","","",""
"Gian Hàng 1.57, Tầng Trệt, A43 Trường  Sơn, P,4, Q.TB","","",""
"59 Ngô Bệ, Phường 13, Quận Tân Bình, Thành phố Hồ Chí Minh","Hồ Chí Minh","Hồ Chí Minh","Quận Tân Bình"
"Số 18 đường Phan Văn Trị, Phường 10, Quận Gò Vấp, TP. Hồ Chí Minh","Hồ Chí Minh","Hồ Chí Minh","Quận Gò Vấp"
"18 - 20 Ngô Văn Năm,  Phường Bến Nghé, Quận 1, TP. Hồ Chí Minh","Hồ Chí Minh","Hồ Chí Minh","Quận 1"
"Tower 2, Khu đô thị Times City, Số 458 Minh Khai, Phường Vĩnh Tuy, Quận Hai bà Trưng, Thành Phố Hà Nội","Hà Nội","Hà Nội",""
"24 Nguyễn Đình Chiểu, Phường Hàm Tiến, Thành Phố Phan Thiết, Tỉnh Bình Thuận","Bình Thuận","Phan Thiết",""
"Đường Âu Cơ - Phường  Cửa Đại - TP Hội An - Tỉnh Quảng Nam","Quảng Nam","",""
"","","",""
"Số 96 Hùng Vương, Phường 9, Quận 5, Thành Phố Hồ Chí Minh, Việt Nam","Hồ Chí Minh","Hồ Chí Minh","Quận 5"
"51 Lê văn miến, p. thảo điền, quận 2","Hồ Chí Minh","Hồ Chí Minh","Quận 2"
"46A - C-D vườn lài, tân thành, tân phú","Hồ Chí Minh","Hồ Chí Minh","Quận Tân Phú"
"7/19, Nguyễn Aí Quốc, KP3, P.Hố Nai, Biên Hoà, Đồng Nai","Đồng Nai","Biên Hoà",""
"lầu 2, satra mart phạm hùng, - C6/27 phạm hùng,P. bình hưng, Q.8","Hồ Chí Minh","Hồ Chí Minh","Quận 8"
"21/4 KP trung, vĩnh phú, thuận an, bình dương","Bình Dương","",""
"5/45/7 nơ trang long, p.7, bình thạnh","Hồ Chí Minh","Hồ Chí Minh","Quận Bình Thạnh"
"Khu phố 5, p. phú hải, phan thiết, bình thuận","Bình Thuận","Phan Thiết",""
"Bãi Xếp, ấp Ông Lang, xã Cửa Dương, H. Phú Quốc, Kiên Giang","Kiên Giang","",""
"69 đường Thủ Khoa Huân, Phường Bến Thành, Quận 1","Hồ Chí Minh","Hồ Chí Minh","Quận 1"
"9B Tú xương, P.7, Q.3","Hồ Chí Minh","Hồ Chí Minh","Quận 3"
"1 Lê Lợi, Châu Đốc, An Giang","An Giang","",""
"khu chức năng II, Khu du lịch Hồ Tuyền Lâm, Tp. Đà lạt","Lâm Đồng","Đà Lạt",""
"69 thủ khoa huân, p. bến thành, Q.1","Hồ Chí Minh","Hồ Chí Minh","Quận 1"
"0011 bạch mã, p.15,q.10","Hồ Chí Minh","Hồ Chí Minh","Quận 10"
"187 B Hai Bà Trưng, P6, Q3, TPHCM","Hồ Chí Minh","Hồ Chí Minh","Quận 3"
"182 Nguyễn Đình Chiểu, P6, Quận 3, TP. HCM","Hồ Chí Minh","Hồ Chí Minh","Quận 3"
"22/6A Nguyễn Thị Huỳnh, P.8, Q.phú Nhuận","Hồ Chí Minh","Hồ Chí Minh","Quận Phú Nhuận"
"17/4 quốc lộ 1A, Khu phố 1, P. Thới an, Q.12","Hồ Chí Minh","Hồ Chí Minh","Quận 12"
"215/1 nguyễn văn trỗi,p.10, phú nhuận","Hồ Chí Minh","Hồ Chí Minh","Quận Phú Nhuận"
"Lầu 4, P.9, Crescent Plaza, 105 tôn dật tiên, tân phú, q.7","Hồ Chí Minh","Hồ Chí Minh","Quận 7"
"158/1 A quang trung, p.11, gò vấp","Hồ Chí Minh","Hồ Chí Minh","Quận Gò Vấp"
"","","",""
"","","",""
"530 Điện Biên Phủ P.11, Q.10","Hồ Chí Minh","Hồ Chí Minh","Quận 10"
"527 Trần Hưng Đạo, Q1","Hồ Chí Minh","Hồ Chí Minh","Quận 1"
"116 Sương Nguyệt ánh, P. Bến Nghé, Q.1","Hồ Chí Minh","Hồ Chí Minh","Quận 1"
"9 Đặng Thị Rành, Q. Thủ Đức, TP. Hồ Chí Minh","Hồ Chí Minh","Hồ Chí Minh","Quận Thủ Đức"
"2 Yersin, P. Cầu ông Lãnh, Q.1","Hồ Chí Minh","Hồ Chí Minh","Quận 1"
"","","",""
"23 Hoàng Hoa Thám, P.6, Q. Bình Thạnh","Hồ Chí Minh","Hồ Chí Minh","Quận Bình Thạnh"
"KP 7 Thị Trấn Dương Đông, Phú Quốc","","",""
"225 Nguyễn Chí Thanh, Phường Hải Châu 1,Q Hải Châu, TP Đà Nẵng","Đà Nẵng","Đà Nẵng",""
"30 Phạm Ngũ Lão, Phường Phú Hội, Thành phố Huế","Thừa Thiên Huế","Huế",""
"VP1 Hà Nội: số 73 Phố Quán Sứ (Chùa Quán Sứ) Hoàn Kiếm Hà Nội","Hà Nội","Hà Nội",""
"VP1 Hà Nội: số 73 Phố Quán Sứ (Chùa Quán Sứ) Hoàn Kiếm Hà Nội","Hà Nội","Hà Nội",""
"7D Nguyễn Chính Tân Mai, Q. Hoàng Mai, Hà Nội","Hà Nội","Hà Nội",""
"73 An Bình, P 6, Q5, TPHCM","Hồ Chí Minh","Hồ Chí Minh","Quận 5"
"38 Bùi Thị Xuân , Q1","Hồ Chí Minh","Hồ Chí Minh","Quận 1"
"ấp Ông Lang,  Xã  Cửa Dương, Huyện Phú Quốc, Tỉnh Kiên Giang","Kiên Giang","",""
"242 Trần Bình Trọng , Phường 4, Quận 5 , TP.Hồ CHí Minh","Hồ Chí Minh","Hồ Chí Minh","Quận 5"
"Lô A1, Khu Biệt Thự Đảo Xanh, Phường Hòa Cường Bắc, Quận Hải Châu , TP Đà Nẵng","Đà Nẵng","Đà Nẵng",""
"1 Đồng Khởi, Q.1","Hồ Chí Minh","Hồ Chí Minh","Quận 1"
"44 High way, Phước Hải, Đất đỏ, , Vũng Tàu","Bà Rịa - Vũng Tàu","Vũng Tàu",""
"204  Nguyễn Thị Minh Khai , Phường 6 , Quận 3, TP. HCM","Hồ Chí Minh","Hồ Chí Minh","Quận 3"
"","","",""
"112, Nguyễn Hữu Thọ, TP. Bà Rịa","Bà Rịa - Vũng Tàu","Bà Rịa",""
"199-205 Nguyễn Thái Học, Phường Phạm Ngũ Lão, Quận 1, Thành phố Hồ Chí Minh","Hồ Chí Minh","Hồ Chí Minh","Quận 1"
"199-205 Nguyễn Thái Học, Phường Phạm Ngũ Lão, Quận 1, Thành phố Hồ Chí Minh","Hồ Chí Minh","Hồ Chí Minh","Quận 1"
"42/4 Hồ Hảo Hớn, P. Cô Giang, Q.1","Hồ Chí Minh","Hồ Chí Minh","Quận 1"
"73 Nam Kỳ Khơỉ Nghĩa, Q1","Hồ Chí Minh","Hồ Chí Minh","Quận 1"
"252 Nguyễn Thiện Thuật , P6, Q3","Hồ Chí Minh","Hồ Chí Minh","Quận 3"
"","","",""
"295/2 Khu Phố 4, Lâm Văn Bền, P.Bình Thuận, Q7","Hồ Chí Minh","Hồ Chí Minh","Quận 7"
"Phan Thiết","Bình Thuận","Phan Thiết",""
"24/116 Âu Cơ, Phường Tứ Liên, Quận Tây Hồ, TP. Hà Nội","Hà Nội","Hà Nội",""
"Số 79 Phố An Trạch, Đống Đa, Hà Nội","Hà Nội","Hà Nội",""
"Số 15 Ngách 76, Ngõ 124, đường Âu Cơ, P.Tứ Liên, Q. Tây Hồ, TP.Hà Nội","Hà Nội","Hà Nội",""
"33 Nguyễn Đình Chiểu, Q.3","Hồ Chí Minh","Hồ Chí Minh","Quận 3"
"","","",""
"64 Nguêỹn Văn Đậu , Bình Thạnh","Hồ Chí Minh","Hồ Chí Minh","Quận Bình Thạnh"
"103 Nguyễn Tri Phương, F7, Q5","Hồ Chí Minh","Hồ Chí Minh","Quận 5"
"180 D Hai Bà Trưng , P DaKao , Q1","Hồ Chí Minh","Hồ Chí Minh","Quận 1"
"","","",""
"17 - 19 Bùi Thị Xuân, Q.1","Hồ Chí Minh","Hồ Chí Minh","Quận 1"
"9A Ngô Văn Năm, Bến Nghé Q1","Hồ Chí Minh","Hồ Chí Minh","Quận 1"
"36 Trần Qúy Cáp, P11, Bình Thạnh","Hồ Chí Minh","Hồ Chí Minh","Quận Bình Thạnh"
"27 Tú Xương , Q3","Hồ Chí Minh","Hồ Chí Minh","Quận 3"
"59  Hồ Xuân Hương , Q3","Hồ Chí Minh","Hồ Chí Minh","Quận 3"
"9A, Tôn Thất Tùng, P. Phạm Ngũ Lão, Q.1","Hồ Chí Minh","Hồ Chí Minh","Quận 1"
"545 Nguyễn Oanh , P17, Gò Vấp","Hồ Chí Minh","Hồ Chí Minh","Quận Gò Vấp"
"59 Ngô tất Tố, P21, Q.Bình Thạnh","Hồ Chí Minh","Hồ Chí Minh","Quận Bình Thạnh"
"14 Cộng Hòa - Tân Bình","Hồ Chí Minh","Hồ Chí Minh","Quận Tân Bình"
"68A Nguyễn Thị Minh Khai- Nha Trang","Khánh Hòa","Nha Trang",""
"40, Thái Văn Lung, Q1","Hồ Chí Minh","Hồ Chí Minh","Quận 1"
"9A, Ngô Văn Năm, P Bến Nghé Q1","Hồ Chí Minh","Hồ Chí Minh","Quận 1"
"","","",""
"Số 1 Cao Bá Nhã , F Nguyễn Cư Trinh, Q1","Hồ Chí Minh","Hồ Chí Minh","Quận 1"
"Số 1, Công trường Quốc tế, Hồ Con Rùa, Q3","Hồ Chí Minh","Hồ Chí Minh","Quận 3"
"","","",""
"71/7 Mạc Thị Bưởi","","",""
"52 đường số 5, P. Hiệp Bình Phước, Q. Thủ Đức","Hồ Chí Minh","Hồ Chí Minh","Quận Thủ Đức"
"38 kỳ đồng , p.9, Q.3, TP.HCM","Hồ Chí Minh","Hồ Chí Minh","Quận 3"
"313 Thống Nhất mới, P.8, TP. Vũng Tàu","Bà Rịa - Vũng Tàu","Vũng Tàu",""
"C1A Cư xá Tân Cảng, Điện Biên Phủ, P.25, Q.Bình Thạnh","Hồ Chí Minh","Hồ Chí Minh","Quận Bình Thạnh"
"Số 6 Trưng Trắc, P.1, Vũng Tàu","Bà Rịa - Vũng Tàu","Vũng Tàu",""
"20 Nguyễn Văn Vĩnh, F4, Tân Bình","Hồ Chí Minh","Hồ Chí Minh","Quận Tân Bình"
"Số 7, Đinh Bạt Tuy, TP. Vinh-Nghệ An","Nghệ An","",""
"Hẻm 156 Đặng  Văn Ngữ,","","",""
"153 Lê Lợi , Đà Nẵng","Đà Nẵng","Đà Nẵng",""
"115B Trần Đình Xu, Q.1","Hồ Chí Minh","Hồ Chí Minh","Quận 1"
"421/ 10 Sư Vạn Hạnh","","",""
"","","",""
"220/5a/6a Xô Viết Nghệ Tĩnh, P21, Bình Thạnh","Hồ Chí Minh","Hồ Chí Minh","Quận Bình Thạnh"
"","","",""
"","","",""
"436 Nguyễn Trãi, P.8, Q.5","Hồ Chí Minh","Hồ Chí Minh","Quận 5"
"436 Nguyễn Trãi, P.8, Q.5","Hồ Chí Minh","Hồ Chí Minh","Quận 5"
"","","",""
"","","",""
"60 Hàm Nghi","","",""
"Đền thánh Anton, Linh địa trại giáo, xóm 12 Nghi Phương, Nghi Lộc, Nghệ An","Nghệ An","",""
"Phnompenh, campuchia","","",""
"119 Bùi Viện, P.Phạm Ngũ Lão, Q.1","Hồ Chí Minh","Hồ Chí Minh","Quận 1"
"32 Thái Văn Lung","","",""
"1 Chu Văn An, P. Bình Trọng, Q. Thủ Đức","Hồ Chí Minh","Hồ Chí Minh","Quận Thủ Đức"
"Lầu 3, KS Tân Sơn Nhất, P202","","",""
"q7","Hồ Chí Minh","Hồ Chí Minh","Quận 7"
"17/5 Lê Thánh Tôn","","",""
"27 Phạm Ngọc Thạch Q.3","Hồ Chí Minh","Hồ Chí Minh","Quận 3"
"15 Hồ huấn Nghiệp , Q.1","Hồ Chí Minh","Hồ Chí Minh","Quận 1"
"95 Huỳnh Đình Hai, Q14,Q12,BT","Hồ Chí Minh","Hồ Chí Minh","Quận 12"
"79 Xuân Thuỷ, P. Thảo Điền, Q.2","Hồ Chí Minh","Hồ Chí Minh","Quận 2"
"21B Nguyễn Văn Trỗi, P.12, Q. Phú Nhuận","Hồ Chí Minh","Hồ Chí Minh","Quận Phú Nhuận"
"15 thái văn lung, Q.1","Hồ Chí Minh","Hồ Chí Minh","Quận 1"
"Đường số 8, Lê văn thọ, Vò Vấp","","",""
" 85/122 Bùi Minh Trực, P.5, Q.8","Hồ Chí Minh","Hồ Chí Minh","Quận 8"
"Tiền Giang","Tiền Giang","",""
"315 Nguyễn Thái Bình,  Tân Bình","Hồ Chí Minh","Hồ Chí Minh","Quận Tân Bình"
"60/1 đường 9, Khu phố 3, p. Linh Trung, Thủ Đức","Hồ Chí Minh","Hồ Chí Minh","Quận Thủ Đức"
"125/72 Buì Đình Tuý, F24, Bình Thạnh","Hồ Chí Minh","Hồ Chí Minh","Quận Bình Thạnh"
"Số 6, Lã Xuân Oai, P.Tân Nhơn Phú B, Q9, TP HCM","Hồ Chí Minh","Hồ Chí Minh","Quận 9"
"141 Phan Bội Châu, TP Huế","Thừa Thiên Huế","Huế",""
"59 Lô D, Dương Bá Trạc, P.1,Q.8","Hồ Chí Minh","Hồ Chí Minh","Quận 8"
"Quận 8","Hồ Chí Minh","Hồ Chí Minh","Quận 8"
"","","",""
"92 Nguyễn Hữu Cảnh","","",""
"Huyện Nghi xuân, Tỉnh Hà tĩNH","Hà Tĩnh","",""
"Phú Nhuận","Hồ Chí Minh","Hồ Chí Minh","Quận Phú Nhuận"
"275 Thái Phiên, P.9, Q.11","Hồ Chí Minh","Hồ Chí Minh","Quận 11"
"Thôn 3 xã Đức Tâm, H. Tám Linh, Bình Thuận","Bình Thuận","",""
"127/25/13 Cô Giang, P.1, Phú Nhuận","Hồ Chí Minh","Hồ Chí Minh","Quận Phú Nhuận"
"522-524 Ngô Gia Tự, P 9, Q.5","Hồ Chí Minh","Hồ Chí Minh","Quận 5"
"","","",""
"782 Xa Lộ Hà Nội KP2 P Tam Hòa Đồng Nai","Đồng Nai","",""
"46 Đinh Công Tráng - Thuận Thành - Huế","Thừa Thiên Huế","Huế",""
"168 Nguyễn Chí Thanh, P.3, Q.10","Hồ Chí Minh","Hồ Chí Minh","Quận 10"
"C6/27 Phạm Hùng , Xã Bình Hưng, Huyện Bình Chánh , TP HCM","Hồ Chí Minh","Hồ Chí Minh","Huyện Bình Chánh"
"Xã Duy Châu, Huyện Duy Xuyên, Tỉnh Quảng Nam","Quảng Nam","",""
"106 Phan Xích Long, P.2, Q. Phú Nhuận","Hồ Chí Minh","Hồ Chí Minh","Quận Phú Nhuận"
"6 Phạm Viết Chánh, P. Nguyễn Cư Trinh, Q.1","Hồ Chí Minh","Hồ Chí Minh","Quận 1"
"Số 6 Thống nhất, P.1, Vũng tàu","Bà Rịa - Vũng Tàu","Vũng Tàu",""
"55/2 Phan Đình Phùng, P1, Đà Lạt","Lâm Đồng","Đà Lạt",""
"","","",""
"24 Đặng thị mai, phú nhuận","Hồ Chí Minh","Hồ Chí Minh","Quận Phú Nhuận"
"173/128 Khuôn Việt,P.Phú Trung,Quận Tân Phú ( gần đầm sen )","Hồ Chí Minh","Hồ Chí Minh","Quận Tân Phú"
"566/105/57 nguyễn thái sơn, P.5, gò vấp","Hồ Chí Minh","Hồ Chí Minh","Quận Gò Vấp"
"19 cộng hòa, tân bình","Hồ Chí Minh","Hồ Chí Minh","Quận Tân Bình"
"Vũng tàu","Bà Rịa - Vũng Tàu","Vũng Tàu",""
"611/81 điện biên phủ, q3","Hồ Chí Minh","Hồ Chí Minh","Quận 3"
"123A nguyễn thượng hiền, p.6, bình thạnh","Hồ Chí Minh","Hồ Chí Minh","Quận Bình Thạnh"
"341/343 điện biên phủ, p.15, bình thạnh","Hồ Chí Minh","Hồ Chí Minh","Quận Bình Thạnh"
"305 nguyễn oanh, gò vấp","Hồ Chí Minh","Hồ Chí Minh","Quận Gò Vấp"
"535/6/5 nguyễn oanh, p.15, gò vấp","Hồ Chí Minh","Hồ Chí Minh","Quận Gò Vấp"
"60/15 QL13, F.26, Bình thạnh","Hồ Chí Minh","Hồ Chí Minh","Quận Bình Thạnh"
"243/31D tôn đản, p.15, q.4- số 12 đường 47, q7","Hồ Chí Minh","Hồ Chí Minh","Quận 4"
"34/8 trần thánh tông,p.5, tân bình","Hồ Chí Minh","Hồ Chí Minh","Quận Tân Bình"
"58 trường sơn, p.2, q. tân bình","Hồ Chí Minh","Hồ Chí Minh","Quận Tân Bình"
"295Big tôn đảng, q.4","Hồ Chí Minh","Hồ Chí Minh","Quận 4"
"Lầu 4, tòa nhà fafim, số 6 thái văn lung, Q.1","Hồ Chí Minh","Hồ Chí Minh","Quận 1"
"170 nguyễn đình chiễu.q3","Hồ Chí Minh","Hồ Chí Minh","Quận 3"
"NN1B đường bạch mã, P.5, Q.10","Hồ Chí Minh","Hồ Chí Minh","Quận 10"
"169-171 tôn đức thắng,p. phú thủy, phan thiết","Bình Thuận","Phan Thiết",""
"chung cư 4S linh đông, đường 30, p. linh đông, thủ đức","Hồ Chí Minh","Hồ Chí Minh","Quận Thủ Đức"
"245/2 Bình Lợi, p.13, Q. Bình Thạnh","Hồ Chí Minh","Hồ Chí Minh","Quận Bình Thạnh"
"772A sư vạn hạnh, q.10","Hồ Chí Minh","Hồ Chí Minh","Quận 10"
"30 thái văn lung, p. bến nghé, q.1","Hồ Chí Minh","Hồ Chí Minh","Quận 1"
"428/6A ,p. bình hưng hòa B, bình tân, QL1A","Hồ Chí Minh","Hồ Chí Minh","Quận Bình Tân"
"22 đường 3, khu dân cư an khang,p. phú hữu, q.9","Hồ Chí Minh","Hồ Chí Minh","Quận 9"
"Q12- giao ở lê lợi, gò vấp","Hồ Chí Minh","Hồ Chí Minh","Quận 12"
"590E4, CMT8, P.11, Q.3","Hồ Chí Minh","Hồ Chí Minh","Quận 3"
"31 trân văn xu, P. Cầu kho, Q.1","Hồ Chí Minh","Hồ Chí Minh","Quận 1"
"lê văn sĩ","","",""
"1/1 trường Chinh, P.Tây Thạnh, Q. Tân phú","Hồ Chí Minh","Hồ Chí Minh","Quận Tân Phú"
"C1/7 chung cư bộ công an, 189 cống quỳnh, nguyễn cư trinh, q1","Hồ Chí Minh","Hồ Chí Minh","Quận 1"
"20 bàn cờ, q.3","Hồ Chí Minh","Hồ Chí Minh","Quận 3"
"159/2 phan văn trị, p.14, bình thạnh","Hồ Chí Minh","Hồ Chí Minh","Quận Bình Thạnh"
"68 trương văn thành, p. hiệp phú, q.9","Hồ Chí Minh","Hồ Chí Minh","Quận 9"
"31/16 Trần đình xu, cầu kho, q.1","Hồ Chí Minh","Hồ Chí Minh","Quận 1"
"82 đường số 53, KP4, Tân Quy, Q.7","Hồ Chí Minh","Hồ Chí Minh","Quận 7"
"80/20 Bà Huyện thanh quan, p.9, q.3","Hồ Chí Minh","Hồ Chí Minh","Quận 3"
"107B hưng hòa, p.12, q.10","Hồ Chí Minh","Hồ Chí Minh","Quận 10"
"chung cư gia khang 337 tân hương, q. tân phú","Hồ Chí Minh","Hồ Chí Minh","Quận Tân Phú"
"Vũng tàu","Bà Rịa - Vũng Tàu","Vũng Tàu",""
"401 Hồng Bàng, P14, Q5","Hồ Chí Minh","Hồ Chí Minh","Quận 5"
"Đà Lạt,","Lâm Đồng","Đà Lạt",""
"248 hoàng hoa thám, P.13, tân bình","Hồ Chí Minh","Hồ Chí Minh","Quận Tân Bình"
"273/1 tô hiến thành, P.13, Q.10","Hồ Chí Minh","Hồ Chí Minh","Quận 10"
"252/47B cao thắng, q.10","Hồ Chí Minh","Hồ Chí Minh","Quận 10"
"B10 phan đình giót, P.2, tân bình","Hồ Chí Minh","Hồ Chí Minh","Quận Tân Bình"
"527/529 bình thới, p.10, q.11","Hồ Chí Minh","Hồ Chí Minh","Quận 11"
"phan thiết","Bình Thuận","Phan Thiết",""
"63 phạm viết chánh, p. nguyễn cư trinh, q.1","Hồ Chí Minh","Hồ Chí Minh","Quận 1"
"217/7A1 xô viết nghệ tĩnh, p.17, q.bình thạnh","Hồ Chí Minh","Hồ Chí Minh","Quận Bình Thạnh"
"Phú Nhuận","Hồ Chí Minh","Hồ Chí Minh","Quận Phú Nhuận"
"50 nguyễn đình chiễu, đakao, q.1","Hồ Chí Minh","Hồ Chí Minh","Quận 1"
"307/2 nguyễn văn trỗi,p.1,tân bình","Hồ Chí Minh","Hồ Chí Minh","Quận Tân Bình"
"tòa nhà sunshine, 74C nguyễn văn cừ, nguyễn cư trinh, Q.1","Hồ Chí Minh","Hồ Chí Minh","Quận 1"
"243/2 đường 41, p.8, q.4","Hồ Chí Minh","Hồ Chí Minh","Quận 4"
"","","",""
"","","",""
"","","",""
"","","",""
"","","",""
"","","",""
"","","",""
"","","",""
"","","",""
"","","",""
"","","",""
"","","",""
"","","",""
"","","",""
"","","",""
"","","",""
"","","",""
"","","",""
"","","",""
"","","",""
"","","",""
"","","",""
"","","",""
"","","",""
"9/10 Hoàng Dư Khương, P.12, Q.10","Hồ Chí Minh","Hồ Chí Minh","Quận 10"
"60 Võ văn tần, Q.3","Hồ Chí Minh","Hồ Chí Minh","Quận 3"
"","","",""
"","","",""
"","","",""
"","","",""
"","","",""
"","","",""
"","","",""
"","","",""
"","","",""
"Binh định","Bình Định","",""
"","","",""
"572/2 Bis lê quang định, P.2, Gò vấp","Hồ Chí Minh","Hồ Chí Minh","Quận Gò Vấp"
"simaung, vientiane, lào","","",""
"252-254 Cống quỳnh, Quận 1","Hồ Chí Minh","Hồ Chí Minh","Quận 1"
"185S mai Xuân Thưởng, P.5, Q.6","Hồ Chí Minh","Hồ Chí Minh","Quận 6"
"34 Hoàng Việt, tân Bình","Hồ Chí Minh","Hồ Chí Minh","Quận Tân Bình"
"27/4 Hồng Hà, P.2, tân bình","Hồ Chí Minh","Hồ Chí Minh","Quận Tân Bình"
"123 Nguyễn văn trỗi, P.2, đà lạt","Lâm Đồng","Đà Lạt",""
"20/150 Đoàn Văn Bơ, Vĩnh Khánh mới, P.9, Q.4","Hồ Chí Minh","Hồ Chí Minh","Quận 4"
"99/11A đường số 10, Kp5, Hiệp bình chánh, thủ đức","Hồ Chí Minh","Hồ Chí Minh","Quận Thủ Đức"
"112 nguyễn hữu thọ, bà rịa, vũng tàu","Bà Rịa - Vũng Tàu","Vũng Tàu",""
